;mean;sd;bias;cp;;Mean of means;Mean of SDs;Mean of Bias;Mean CP
1;-2,300293235;1,019605909;15,01466174;1;;-2,10815898;0,598295161;5,407949005;0,946
2;-2,437971445;0,54018025;21,89857225;1;;;;;
3;-1,91067733;0,510078223;-4,46613351;1;;;;;
4;-1,495900745;0,484801354;-25,20496277;1;;;;;
5;-1,659687971;0,59239919;-17,01560146;1;;;;;
6;-1,591252887;0,445766027;-20,43735566;1;;;;;
7;-1,861092992;0,549584098;-6,94535038;1;;;;;
8;-1,902805256;0,4533855;-4,859737223;1;;;;;
9;-1,65952915;0,497378956;-17,02354248;1;;;;;
10;-1,323765332;0,520275079;-33,8117334;1;;;;;
11;-2,34444631;0,638608404;17,22231548;1;;;;;
12;-1,797956528;0,395909567;-10,10217361;1;;;;;
13;-2,332498476;0,497660581;16,62492378;1;;;;;
14;-1,256678006;0,750706157;-37,16609972;1;;;;;
15;-2,412052934;0,505970362;20,60264668;1;;;;;
16;-2,261997242;1,08482312;13,09986212;1;;;;;
17;-1,566734264;0,471333352;-21,66328681;1;;;;;
18;-0,784508735;0,671592115;-60,77456324;1;;;;;
19;-2,33357876;0,523272962;16,67893799;1;;;;;
20;-1,513244789;0,588078421;-24,33776056;1;;;;;
21;-2,040316494;0,442719521;2,015824716;1;;;;;
22;-3,318091485;0,79613978;65,90457426;1;;;;;
23;-2,033857766;0,496656702;1,692888317;1;;;;;
24;-1,870173429;0,644883329;-6,491328572;1;;;;;
25;-2,005079796;0,664576678;0,253989819;1;;;;;
26;-3,334982185;0,799884585;66,74910925;1;;;;;
27;-3,09562393;0,843578107;54,78119652;1;;;;;
28;-2,214405184;0,502805935;10,72025921;1;;;;;
29;-1,955838589;0,642510055;-2,208070526;1;;;;;
30;-1,753402895;0,664944365;-12,32985523;1;;;;;
31;-1,656295142;0,447569198;-17,18524288;1;;;;;
32;-2,17810764;0,717097102;8,90538202;1;;;;;
33;-2,832502979;0,88432252;41,62514896;1;;;;;
34;-2,34391826;0,644668827;17,19591299;1;;;;;
35;-2,263555991;0,535744083;13,17779956;1;;;;;
36;-2,399230298;0,596978026;19,96151492;1;;;;;
37;-2,015931605;0,55389703;0,796580262;1;;;;;
38;-1,5878196;0,460485207;-20,60902002;1;;;;;
39;-2,645799903;0,831306732;32,28999514;1;;;;;
40;-2,023149026;0,443629576;1,157451312;1;;;;;
41;-2,911350207;0,612086897;45,56751033;1;;;;;
42;-1,290597964;0,503964455;-35,47010179;1;;;;;
43;-2,478534044;0,50391139;23,92670222;1;;;;;
44;-3,177418216;0,697729021;58,87091078;1;;;;;
45;-2,806076572;0,681860054;40,30382858;1;;;;;
46;-2,303773843;0,677515688;15,18869213;1;;;;;
47;-2,395500715;0,679906161;19,77503575;1;;;;;
48;-3,021484763;0,686965848;51,07423817;1;;;;;
49;-2,911221417;0,547761304;45,56107085;1;;;;;
50;-2,325387385;0,564039929;16,26936923;1;;;;;
51;-1,589176581;0,500408934;-20,54117094;1;;;;;
52;-1,66469756;0,631060431;-16,76512198;1;;;;;
53;-1,761507123;0,483255877;-11,92464384;1;;;;;
54;-2,587961726;1,026279391;29,39808631;1;;;;;
55;-2,347862956;0,606115479;17,39314778;1;;;;;
56;-1,12264136;0,609276315;-43,867932;1;;;;;
57;-2,192955913;0,560026773;9,647795659;1;;;;;
58;-2,291027823;0,494951743;14,55139116;1;;;;;
59;-3,626618349;0,884442316;81,33091746;0;;;;;
60;-2,412504778;0,480949264;20,62523891;1;;;;;
61;-2,198294158;0,524225031;9,914707915;1;;;;;
62;-1,334171486;0,476401889;-33,29142571;1;;;;;
63;-1,64870988;0,476376207;-17,564506;1;;;;;
64;-2,459905014;0,608493957;22,9952507;1;;;;;
65;-1,702991026;0,528640401;-14,85044869;1;;;;;
66;-1,824112073;0,60146871;-8,794396361;1;;;;;
67;-1,983799849;0,537276952;-0,810007574;1;;;;;
68;-2,731462622;0,68690632;36,57313111;1;;;;;
69;-1,359911387;0,34733231;-32,00443065;1;;;;;
70;-1,995218129;0,505816628;-0,239093543;1;;;;;
71;-1,66214475;0,456829664;-16,89276248;1;;;;;
72;-2,440259954;0,542574924;22,01299769;1;;;;;
73;-2,417625255;0,626650736;20,88126273;1;;;;;
74;-1,853496622;0,517480553;-7,325168907;1;;;;;
75;-2,385293911;0,629906257;19,26469553;1;;;;;
76;-2,333986369;0,69903429;16,69931843;1;;;;;
77;-1,47332835;0,450694048;-26,33358251;1;;;;;
78;-1,654469184;0,548720005;-17,27654081;1;;;;;
79;-2,627618202;0,555441558;31,3809101;1;;;;;
80;-3,09516812;0,619884568;54,75840602;1;;;;;
81;-2,582477666;0,848488647;29,12388332;1;;;;;
82;-2,391776015;0,564407845;19,58880076;1;;;;;
83;-1,809640918;0,493816798;-9,517954105;1;;;;;
84;-1,764396627;0,646992243;-11,78016863;1;;;;;
85;-2,652788727;0,892432068;32,63943635;1;;;;;
86;-2,102365973;0,556576015;5,118298646;1;;;;;
87;-2,071861812;0,604528087;3,593090595;1;;;;;
88;-1,944076391;0,42305412;-2,796180432;1;;;;;
89;-3,169366503;0,651929484;58,46832515;1;;;;;
90;-1,771430998;0,724081389;-11,42845011;1;;;;;
91;-2,427645723;0,567609855;21,38228613;1;;;;;
92;-2,701895223;0,934610638;35,09476114;1;;;;;
93;-1,614829094;0,44321315;-19,25854532;1;;;;;
94;-2,740543143;0,571051271;37,02715714;1;;;;;
95;-3,253432371;1,086470349;62,67161857;1;;;;;
96;-1,992980827;0,565325671;-0,350958644;1;;;;;
97;-2,239824837;0,656687138;11,99124187;1;;;;;
98;-2,350126128;0,697114438;17,50630638;1;;;;;
99;-1,522783832;0,322548014;-23,86080839;1;;;;;
100;-2,537088717;0,492477835;26,85443585;1;;;;;
101;-2,295173319;0,539715044;14,75866597;1;;;;;
102;-2,137241581;0,73921082;6,862079047;1;;;;;
103;-2,030675565;0,579632493;1,533778259;1;;;;;
104;-2,700259672;0,624654779;35,01298358;1;;;;;
105;-1,916845414;0,504186512;-4,157729297;1;;;;;
106;-2,168888193;0,73461578;8,444409641;1;;;;;
107;-2,617607201;0,694528745;30,88036004;1;;;;;
108;-3,092217825;0,543793285;54,61089124;0;;;;;
109;-3,786986773;1,045645183;89,34933863;1;;;;;
110;-1,883162279;0,455958691;-5,841886028;1;;;;;
111;-1,746590625;0,543056164;-12,67046877;1;;;;;
112;-2,201748827;0,682544075;10,08744135;1;;;;;
113;-1,962314695;0,452354412;-1,884265236;1;;;;;
114;-2,374325732;0,537287993;18,71628658;1;;;;;
115;-2,906963314;0,569969066;45,34816572;1;;;;;
116;-1,854865046;0,530732605;-7,256747718;1;;;;;
117;-1,615196834;0,459291232;-19,24015832;1;;;;;
118;-2,082661993;0,647898988;4,13309966;1;;;;;
119;-1,714636782;0,506247368;-14,2681609;1;;;;;
120;-1,883101216;0,46307142;-5,84493922;1;;;;;
121;-2,054439022;0,611212435;2,721951109;1;;;;;
122;-2,805833533;0,800231518;40,29167664;1;;;;;
123;-1,957613405;0,588426305;-2,119329727;1;;;;;
124;-1,952980442;0,468792338;-2,350977912;1;;;;;
125;-0,26070319;0,601982325;-86,96484049;0;;;;;
126;-1,695905644;0,554198743;-15,20471778;1;;;;;
127;-1,949414682;0,44527159;-2,529265924;1;;;;;
128;-1,992518673;0,652434644;-0,374066338;1;;;;;
129;-2,078852273;0,861039406;3,942613662;1;;;;;
130;-1,453530004;0,427254967;-27,32349979;1;;;;;
131;-1,96619577;0,55484549;-1,690211489;1;;;;;
132;-1,615879353;0,581723627;-19,20603235;1;;;;;
133;-2,635484641;0,547064674;31,77423205;1;;;;;
134;-1,823958549;0,844212582;-8,802072527;1;;;;;
135;-1,434638542;0,395649725;-28,26807288;1;;;;;
136;-2,656371747;0,793245403;32,81858735;1;;;;;
137;-1,954851567;0,507893186;-2,257421667;1;;;;;
138;-2,475422982;0,575113311;23,77114909;1;;;;;
139;-1,335204973;0,93507621;-33,23975133;1;;;;;
140;-1,93862796;0,586787784;-3,068601996;1;;;;;
141;-2,944130458;0,878356405;47,20652291;1;;;;;
142;-2,793039166;0,712859318;39,65195831;1;;;;;
143;-1,792640179;0,515485045;-10,36799104;1;;;;;
144;-1,634651857;0,479328569;-18,26740717;1;;;;;
145;-1,889771299;0,429014047;-5,51143503;1;;;;;
146;-1,265550162;0,57770973;-36,72249188;1;;;;;
147;-3,91334;0,818354391;95,66700002;0;;;;;
148;-1,887896268;0,55235423;-5,605186591;1;;;;;
149;-1,649221046;0,470257914;-17,53894771;1;;;;;
150;-1,795876612;0,576582402;-10,2061694;1;;;;;
151;-0,770943022;0,635220715;-61,45284891;1;;;;;
152;-2,141125766;0,489916196;7,056288316;1;;;;;
153;-1,369384633;0,412542091;-31,53076836;1;;;;;
154;-2,808658383;0,604732191;40,43291917;1;;;;;
155;-1,398839229;0,533510087;-30,05803856;1;;;;;
156;-1,213756852;0,366369695;-39,31215738;0;;;;;
157;-3,997010241;0,885885033;99,85051205;0;;;;;
158;-1,7728982;0,40383629;-11,35509002;1;;;;;
159;-2,020903961;0,517646221;1,045198056;1;;;;;
160;-0,746752272;0,49448105;-62,66238641;0;;;;;
161;-1,082708941;0,439125774;-45,86455294;0;;;;;
162;-2,14817632;0,708594148;7,408816001;1;;;;;
163;-2,084873471;0,555246542;4,243673531;1;;;;;
164;-1,580229782;0,525374313;-20,98851089;1;;;;;
165;-2,055950839;0,663412528;2,797541963;1;;;;;
166;-2,664726209;0,615144862;33,23631045;1;;;;;
167;-2,540925238;0,638561103;27,0462619;1;;;;;
168;-2,361165349;0,535765426;18,05826745;1;;;;;
169;-2,047173086;0,496258983;2,358654289;1;;;;;
170;-1,173707362;0,440067369;-41,31463189;1;;;;;
171;-2,477103909;0,667668062;23,85519545;1;;;;;
172;-2,496085249;0,538084673;24,80426246;1;;;;;
173;-1,77380625;0,463723433;-11,30968751;1;;;;;
174;-2,128695143;0,647414782;6,434757166;1;;;;;
175;-0,8071042;0,447130448;-59,64478998;0;;;;;
176;-1,789563367;0,487070009;-10,52183164;1;;;;;
177;-2,202468006;0,560196339;10,12340029;1;;;;;
178;-1,613218522;0,386030529;-19,33907391;1;;;;;
179;-3,292403116;0,723076886;64,62015582;1;;;;;
180;-1,929712004;0,454006905;-3,514399782;1;;;;;
181;-1,683697353;0,512584634;-15,81513237;1;;;;;
182;-2,60726923;0,475182818;30,36346148;1;;;;;
183;-2,205454977;0,471208798;10,27274884;1;;;;;
184;-2,241657537;0,429455597;12,08287685;1;;;;;
185;-1,892929082;0,622901611;-5,353545894;1;;;;;
186;-1,445843181;0,597884605;-27,70784094;1;;;;;
187;-1,691998316;0,639836443;-15,40008422;1;;;;;
188;-2,987241006;0,632718356;49,36205031;1;;;;;
189;-1,782891681;0,624325827;-10,85541595;1;;;;;
190;-1,576228317;0,352194169;-21,18858416;1;;;;;
191;-2,656938399;1,061137664;32,84691995;1;;;;;
192;-2,254954852;0,636848493;12,74774258;1;;;;;
193;-1,409656005;0,596974587;-29,51719977;1;;;;;
194;-2,135163929;0,490661137;6,758196459;1;;;;;
195;-1,692663301;0,745360722;-15,36683495;1;;;;;
196;-3,367946306;0,87403568;68,39731528;1;;;;;
197;-1,961530805;0,464893424;-1,923459747;1;;;;;
198;-2,107612839;0,645295199;5,380641937;1;;;;;
199;-2,917703716;0,741406475;45,88518582;1;;;;;
200;-2,30874793;0,860857807;15,43739652;1;;;;;
201;-1,754868937;0,497458617;-12,25655315;1;;;;;
202;-2,117697775;0,542985618;5,884888726;1;;;;;
203;-1,329970411;0,53717549;-33,50147944;1;;;;;
204;-2,671025219;0,579230337;33,55126093;1;;;;;
205;-0,852676934;0,518955681;-57,36615332;0;;;;;
206;-1,748851688;0,525249757;-12,55741561;1;;;;;
207;-1,932292499;0,555735168;-3,385375026;1;;;;;
208;-1,875002715;0,436312075;-6,249864255;1;;;;;
209;-1,346995067;0,534186301;-32,65024666;1;;;;;
210;-1,943866736;0,702419225;-2,806663179;1;;;;;
211;-3,717127496;0,813709564;85,85637481;0;;;;;
212;-1,769076804;0,467116496;-11,54615979;1;;;;;
213;-1,945762634;0,45611813;-2,711868289;1;;;;;
214;-2,278130328;0,525469825;13,90651642;1;;;;;
215;-1,350201509;0,466498901;-32,48992455;1;;;;;
216;-2,727721145;0,518264973;36,38605727;1;;;;;
217;-1,850304814;0,552424028;-7,484759275;1;;;;;
218;-2,017544763;0,577860733;0,877238148;1;;;;;
219;-1,3615429;0,421146465;-31,92285498;1;;;;;
220;-2,380800224;0,480156615;19,04001122;1;;;;;
221;-2,08843454;0,397875406;4,421726995;1;;;;;
222;-0,890519547;0,643296524;-55,47402267;1;;;;;
223;-1,466292079;0,472241623;-26,68539604;1;;;;;
224;-1,778624736;0,511824869;-11,06876318;1;;;;;
225;-3,18236416;0,65136277;59,11820801;1;;;;;
226;-4,280650328;0,753823899;114,0325164;0;;;;;
227;-2,146588558;0,715924478;7,329427906;1;;;;;
228;-1,523616774;0,419497914;-23,8191613;1;;;;;
229;-1,732993717;0,424886455;-13,35031415;1;;;;;
230;-1,23562174;0,31181092;-38,21891302;0;;;;;
231;-2,577656711;0,550203822;28,88283556;1;;;;;
232;-2,159967;0,626643066;7,998349985;1;;;;;
233;-3,702056364;0,768451168;85,10281818;0;;;;;
234;-1,960683537;0,844209599;-1,965823172;1;;;;;
235;-1,796867957;0,397708366;-10,15660217;1;;;;;
236;-2,465911142;0,655451354;23,29555709;1;;;;;
237;-3,086683828;0,77769075;54,3341914;1;;;;;
238;-1,572954284;0,439959432;-21,35228581;1;;;;;
239;-2,826821509;0,664855465;41,34107545;1;;;;;
240;-2,295779941;0,459665034;14,78899707;1;;;;;
241;-2,824646881;0,815293056;41,23234406;1;;;;;
242;-2,830858816;0,633011103;41,5429408;1;;;;;
243;-1,916441466;0,444803693;-4,17792669;1;;;;;
244;-1,379572449;0,358002443;-31,02137757;1;;;;;
245;-2,246528241;0,735598091;12,32641203;1;;;;;
246;-1,810535778;0,530007892;-9,473211105;1;;;;;
247;-1,833190371;0,378646101;-8,340481453;1;;;;;
248;-2,686000349;0,723763978;34,30001744;1;;;;;
249;-2,209067837;0,6704087;10,45339184;1;;;;;
250;-1,531933934;0,394384043;-23,40330331;1;;;;;
251;-1,346170177;0,711569878;-32,69149117;1;;;;;
252;-2,410133969;0,596821872;20,50669843;1;;;;;
253;-1,788277472;0,720475339;-10,5861264;1;;;;;
254;-3,00067678;0,577817357;50,033839;1;;;;;
255;-2,696020937;0,604691226;34,80104687;1;;;;;
256;-1,24051832;0,321535992;-37,97408398;0;;;;;
257;-2,644702977;0,571990702;32,23514886;1;;;;;
258;-2,596200474;0,675320232;29,81002368;1;;;;;
259;-3,358733831;0,921567737;67,93669156;1;;;;;
260;-2,679189395;0,534652947;33,95946975;1;;;;;
261;-1,641979236;0,563652642;-17,90103818;1;;;;;
262;-2,311150748;0,853484858;15,55753738;1;;;;;
263;-2,104351342;0,592674564;5,217567103;1;;;;;
264;-1,165170446;0,560638089;-41,74147771;1;;;;;
265;-2,825024559;0,858173684;41,25122795;1;;;;;
266;-2,352539575;0,708711447;17,62697877;1;;;;;
267;-1,833737122;0,46787823;-8,313143901;1;;;;;
268;-2,430235982;0,577613706;21,51179911;1;;;;;
269;-2,64416863;1,182226648;32,2084315;1;;;;;
270;-1,821604076;0,434728774;-8,919796201;1;;;;;
271;-2,010136202;0,601154022;0,506810103;1;;;;;
272;-2,017186355;0,4895463;0,859317755;1;;;;;
273;-2,22607754;0,87153847;11,30387701;1;;;;;
274;-1,755158275;0,66283449;-12,24208625;1;;;;;
275;-2,810019417;0,665850149;40,50097085;1;;;;;
276;-2,671787013;0,838696437;33,58935067;1;;;;;
277;-1,814110933;0,410844157;-9,294453347;1;;;;;
278;-1,875410966;0,474805889;-6,229451689;1;;;;;
279;-2,999850013;0,693520043;49,99250064;1;;;;;
280;-1,398761903;0,518972653;-30,06190484;1;;;;;
281;-2,735575845;0,601531164;36,77879224;1;;;;;
282;-2,695288236;0,661044769;34,7644118;1;;;;;
283;-3,139862107;0,616746526;56,99310536;0;;;;;
284;-2,083836978;0,509514295;4,191848879;1;;;;;
285;-2,568003392;0,689728363;28,40016958;1;;;;;
286;-3,123397433;0,753813214;56,16987163;1;;;;;
287;-2,930203333;0,625876115;46,51016667;1;;;;;
288;-2,16426013;0,467349453;8,213006506;1;;;;;
289;-3,609984245;0,75502778;80,49921226;0;;;;;
290;-1,182339003;0,491562503;-40,88304985;1;;;;;
291;-2,507593436;0,457793026;25,3796718;1;;;;;
292;-1,768223035;0,50188104;-11,58884826;1;;;;;
293;-1,46402536;0,511607513;-26,798732;1;;;;;
294;-1,232184593;0,457339402;-38,39077035;1;;;;;
295;-2,444496881;0,536324387;22,22484404;1;;;;;
296;-1,458142619;0,611768322;-27,09286905;1;;;;;
297;-2,599026517;0,643360842;29,95132585;1;;;;;
298;-2,413362675;0,693372617;20,66813377;1;;;;;
299;-2,235963513;0,459238854;11,79817565;1;;;;;
300;-2,39125917;0,761659601;19,56295851;1;;;;;
301;-2,072326119;0,740276046;3,616305928;1;;;;;
302;-2,123240098;0,499496749;6,162004885;1;;;;;
303;-2,174843148;0,509099155;8,742157377;1;;;;;
304;-2,709202239;0,647989541;35,46011197;1;;;;;
305;-1,082840967;0,436158917;-45,85795165;0;;;;;
306;-0,790645782;0,526490961;-60,46771092;0;;;;;
307;-4,433229197;0,797347644;121,6614599;0;;;;;
308;-2,461325122;0,589585577;23,06625612;1;;;;;
309;-2,935139255;0,692633329;46,75696273;1;;;;;
310;-2,83508688;0,900524805;41,75434401;1;;;;;
311;-1,779528513;0,620856223;-11,02357436;1;;;;;
312;-2,927795248;0,693597144;46,38976239;1;;;;;
313;-2,383019184;0,599952424;19,15095922;1;;;;;
314;-1,689272965;0,367552713;-15,53635173;1;;;;;
315;-1,465579069;0,604186383;-26,72104653;1;;;;;
316;-1,55803924;0,376326133;-22,09803799;1;;;;;
317;-1,62092095;0,338258283;-18,95395248;1;;;;;
318;-3,494064933;0,833575529;74,70324665;1;;;;;
319;-1,585812891;0,424012451;-20,70935543;1;;;;;
320;-1,599044062;0,472941547;-20,04779689;1;;;;;
321;-1,722317404;0,635386418;-13,88412981;1;;;;;
322;-1,539607894;0,479271208;-23,01960529;1;;;;;
323;-1,356933414;0,672134896;-32,15332931;1;;;;;
324;-2,507470031;0,727579795;25,37350155;1;;;;;
325;-2,0271517;0,531863638;1,357584976;1;;;;;
326;-1,062952491;0,379692325;-46,85237546;0;;;;;
327;-2,011748247;0,436225668;0,587412329;1;;;;;
328;-2,336528071;0,648857451;16,82640353;1;;;;;
329;-2,015011262;0,727453647;0,750563109;1;;;;;
330;-1,507350196;0,46604569;-24,63249018;1;;;;;
331;-2,064489909;0,634927548;3,22449543;1;;;;;
332;-1,404835804;0,41383664;-29,75820978;1;;;;;
333;-1,744712814;0,504743988;-12,76435928;1;;;;;
334;-1,25876955;1,002869915;-37,06152248;1;;;;;
335;-2,193339164;0,538209178;9,666958191;1;;;;;
336;-1,227758382;0,544388435;-38,61208088;1;;;;;
337;-0,810383287;1,018002544;-59,48083563;1;;;;;
338;-2,374860279;0,509295704;18,74301396;1;;;;;
339;-2,078949804;0,625849936;3,947490199;1;;;;;
340;-2,390550821;0,513749752;19,52754106;1;;;;;
341;-2,033157028;0,506630373;1,657851405;1;;;;;
342;-1,942031131;0,488770781;-2,89844345;1;;;;;
343;-3,989873549;1,141380809;99,49367747;1;;;;;
344;-1,287008279;0,856120652;-35,64958606;1;;;;;
345;-2,262638011;0,554810451;13,13190055;1;;;;;
346;-1,839846414;0,374260121;-8,007679299;1;;;;;
347;-4,026714606;0,833922889;101,3357303;0;;;;;
348;-2,205915988;0,576187811;10,2957994;1;;;;;
349;-1,550251633;0,547570222;-22,48741835;1;;;;;
350;-1,75932424;0,544468324;-12,03378799;1;;;;;
351;-2,392459277;0,748597184;19,62296386;1;;;;;
352;-2,072041726;0,5804609;3,602086283;1;;;;;
353;-0,854076056;0,713122159;-57,29619718;1;;;;;
354;-1,874575365;0,515423889;-6,271231746;1;;;;;
355;-1,549373386;0,571066045;-22,53133072;1;;;;;
356;-1,962931395;0,540747306;-1,85343026;1;;;;;
357;-1,935407386;0,430126141;-3,229630719;1;;;;;
358;-2,500456051;0,53459127;25,02280255;1;;;;;
359;-2,48255105;0,735687127;24,12755248;1;;;;;
360;-2,198112228;0,460814861;9,90561138;1;;;;;
361;-2,864847531;0,898571554;43,24237657;1;;;;;
362;-1,464653207;0,817160636;-26,76733967;1;;;;;
363;-2,372812507;0,635470837;18,64062536;1;;;;;
364;-2,454299151;0,715724404;22,71495753;1;;;;;
365;-1,499033025;0,735785309;-25,04834874;1;;;;;
366;-1,362141383;0,696886405;-31,89293085;1;;;;;
367;-2,509544014;0,820012415;25,47720068;1;;;;;
368;-2,085930791;0,434426574;4,296539535;1;;;;;
369;-2,305346425;0,407480137;15,26732126;1;;;;;
370;-1,212701653;0,995614511;-39,36491736;1;;;;;
371;-1,89075883;0,465734128;-5,46205848;1;;;;;
372;-1,576839452;0,540563671;-21,15802738;1;;;;;
373;-1,993634596;0,685809537;-0,31827019;1;;;;;
374;-2,658360396;0,641131465;32,91801982;1;;;;;
375;-1,138483431;0,507612602;-43,07582845;1;;;;;
376;-1,726773528;0,789951294;-13,66132361;1;;;;;
377;-1,269567776;0,509014688;-36,5216112;1;;;;;
378;-2,327783613;0,773567713;16,38918064;1;;;;;
379;-1,372820808;0,65291792;-31,35895959;1;;;;;
380;-2,389477723;0,708404459;19,47388617;1;;;;;
381;-1,608596642;0,354925329;-19,57016791;1;;;;;
382;-1,816606599;0,569777686;-9,169670067;1;;;;;
383;-3,601341489;1,098761858;80,06707447;1;;;;;
384;-1,572437079;0,576012762;-21,37814605;1;;;;;
385;-1,699353012;0,491520706;-15,03234939;1;;;;;
386;-1,33170217;0,408294468;-33,41489149;1;;;;;
387;-1,66892781;0,364497635;-16,55360952;1;;;;;
388;-1,803268812;0,473148565;-9,836559387;1;;;;;
389;-1,225645939;0,583636298;-38,71770304;1;;;;;
390;-2,542735481;0,586185829;27,13677405;1;;;;;
391;-2,237041171;0,944023727;11,85205856;1;;;;;
392;-3,155322872;0,691501443;57,76614359;1;;;;;
393;-1,406176937;0,513510277;-29,69115314;1;;;;;
394;-3,622395715;0,914626349;81,11978576;1;;;;;
395;-2,208146365;0,502753326;10,40731823;1;;;;;
396;-1,998187669;0,650545928;-0,090616544;1;;;;;
397;-1,307966942;0,472104177;-34,60165291;1;;;;;
398;-2,287164666;0,485788772;14,35823332;1;;;;;
399;-1,523669827;0,524543539;-23,81650867;1;;;;;
400;-2,613907296;0,702389362;30,69536479;1;;;;;
401;-1,971968428;0,580575574;-1,401578596;1;;;;;
402;-4,268752806;0,823739419;113,4376403;0;;;;;
403;-1,194315833;0,816540371;-40,28420833;1;;;;;
404;-1,706073894;0,693317773;-14,69630529;1;;;;;
405;-1,881221002;0,675237504;-5,938949913;1;;;;;
406;-3,315251112;0,877365236;65,76255559;1;;;;;
407;-1,605971328;0,368890031;-19,70143361;1;;;;;
408;-1,48531259;0,419067338;-25,73437052;1;;;;;
409;-1,029328084;1,026043998;-48,53359582;1;;;;;
410;-3,454571752;0,726529614;72,72858761;0;;;;;
411;-1,189726015;0,623396861;-40,51369924;1;;;;;
412;-1,692513613;0,407948067;-15,37431937;1;;;;;
413;-3,163987679;0,80589793;58,19938393;1;;;;;
414;-2,48321718;0,544849177;24,16085898;1;;;;;
415;-1,90385831;0,636790891;-4,807084507;1;;;;;
416;-2,039071899;0,574879495;1,953594966;1;;;;;
417;-2,272134775;0,442468727;13,60673877;1;;;;;
418;-1,997130381;0,668496548;-0,143480936;1;;;;;
419;-1,817330708;0,428359941;-9,133464579;1;;;;;
420;-1,759555667;0,672132952;-12,02221666;1;;;;;
421;-1,953060539;0,701948938;-2,346973035;1;;;;;
422;-1,640562141;0,478278845;-17,97189294;1;;;;;
423;-1,989297238;0,623371039;-0,535138125;1;;;;;
424;-1,757808323;0,565386384;-12,10958384;1;;;;;
425;-1,614888328;0,371192323;-19,25558361;1;;;;;
426;-3,029746672;0,757284978;51,48733359;1;;;;;
427;-0,769996261;0,487424776;-61,50018696;0;;;;;
428;-2,850137018;0,618217015;42,50685088;1;;;;;
429;-3,323555966;0,924695625;66,1777983;1;;;;;
430;-3,094220505;0,824244454;54,71102523;1;;;;;
431;-2,374183244;0,474208318;18,70916222;1;;;;;
432;-1,525161735;0,550632679;-23,74191324;1;;;;;
433;-2,239516661;0,551697473;11,97583307;1;;;;;
434;-1,350986592;0,402720116;-32,45067041;1;;;;;
435;-2,925373521;0,812352508;46,26867603;1;;;;;
436;-1,776520933;0,466117215;-11,17395334;1;;;;;
437;-2,930797359;0,609130398;46,53986793;1;;;;;
438;-1,258926375;0,530037613;-37,05368125;1;;;;;
439;-3,56753788;0,69022474;78,37689401;0;;;;;
440;-2,591611701;0,499165148;29,58058507;1;;;;;
441;-1,514759197;0,526256291;-24,26204013;1;;;;;
442;-2,3752882;0,508296322;18,76440999;1;;;;;
443;-1,727331701;0,455767969;-13,63341494;1;;;;;
444;-2,301623136;0,696528865;15,08115682;1;;;;;
445;-2,304111356;0,489015038;15,2055678;1;;;;;
446;-1,525821166;0,467238083;-23,70894172;1;;;;;
447;-1,278590628;0,401970382;-36,07046861;1;;;;;
448;-1,960809056;0,473012556;-1,959547191;1;;;;;
449;-2,150905342;0,593185312;7,545267096;1;;;;;
450;-2,779375563;0,834352689;38,96877817;1;;;;;
451;-2,045302923;0,708210376;2,265146164;1;;;;;
452;-2,14913475;0,439247487;7,456737513;1;;;;;
453;-1,489256804;0,426152832;-25,53715982;1;;;;;
454;-2,995558371;0,672597784;49,77791853;1;;;;;
455;-2,094216081;0,754129142;4,71080404;1;;;;;
456;-1,627333662;0,515472949;-18,63331692;1;;;;;
457;-1,55260136;0,382391634;-22,36993202;1;;;;;
458;-2,637509159;0,641541424;31,87545795;1;;;;;
459;-2,275973228;0,552790778;13,79866139;1;;;;;
460;-2,685720254;0,75733439;34,28601268;1;;;;;
461;-2,035442973;0,595165486;1,77214866;1;;;;;
462;-1,404915365;0,415419374;-29,75423173;1;;;;;
463;-1,517985374;0,396870786;-24,10073131;1;;;;;
464;-1,828905416;0,539242904;-8,554729178;1;;;;;
465;-3,217303853;0,652087004;60,86519264;1;;;;;
466;-2,081557437;0,610863095;4,077871841;1;;;;;
467;-2,322438694;0,52319303;16,12193471;1;;;;;
468;-2,732559864;0,690692848;36,62799318;1;;;;;
469;-1,41170219;0,673104109;-29,41489052;1;;;;;
470;-1,934643461;0,552541894;-3,267826963;1;;;;;
471;-1,111602085;0,415144025;-44,41989577;0;;;;;
472;-1,810246377;0,376060531;-9,487681163;1;;;;;
473;-1,527190204;0,497013915;-23,6404898;1;;;;;
474;-1,97926103;0,48608831;-1,036948495;1;;;;;
475;-2,300026278;0,550612563;15,0013139;1;;;;;
476;-2,962407556;0,717244382;48,1203778;1;;;;;
477;-1,343198621;0,41026156;-32,84006894;1;;;;;
478;-3,014043599;0,739196382;50,70217997;1;;;;;
479;-2,161266182;0,415831197;8,063309085;1;;;;;
480;-2,558342557;0,52910278;27,91712784;1;;;;;
481;-2,030138129;0,585426305;1,506906436;1;;;;;
482;-2,136011853;0,472354735;6,80059267;1;;;;;
483;-1,468107689;0,566183095;-26,59461557;1;;;;;
484;-2,202449466;0,550869646;10,12247331;1;;;;;
485;-1,135650773;0,473357728;-43,21746133;1;;;;;
486;-3,119102104;0,723800051;55,95510521;1;;;;;
487;-3,101681931;0,773382987;55,08409655;1;;;;;
488;-1,791997217;0,605665254;-10,40013917;1;;;;;
489;-1,499971457;1,008072686;-25,00142713;1;;;;;
490;-2,250069134;0,697641942;12,50345668;1;;;;;
491;-2,377969617;0,569233011;18,89848084;1;;;;;
492;-2,23065657;0,571349363;11,53282851;1;;;;;
493;-2,196107883;0,608802869;9,805394155;1;;;;;
494;-1,941566425;0,540173612;-2,921678738;1;;;;;
495;-2,703420619;0,70685898;35,17103093;1;;;;;
496;-2,353514868;0,735864593;17,67574338;1;;;;;
497;-1,478147151;0,951695848;-26,09264244;1;;;;;
498;-1,97285878;0,364829864;-1,357060977;1;;;;;
499;-2,459245175;0,542875938;22,96225874;1;;;;;
500;-1,749559936;0,559463702;-12,52200318;1;;;;;
