"";"alpha";"beta";"psi";"kappa"
"1";NA;2,19943756022657;NA;0,81199242488189
"2";2832,74838485396;2136,63549233627;2463,67279330432;2457,24833211483
"3";0,500107165821285;2,41790460842403;NA;1,40675973527088
"4";0,500107165821285;4,66506360346889;NA;2,69849721734896
"5";0,500107165821285;1,59016836492961;NA;0,627523807281648
"6";0,62137122957897;5,42688557867369;NA;1,39299243710228
"7";2,26464545926386;3,08563047601137;NA;3,35499567011845
"8";0,500107165821285;1,44000946330894;NA;1,43638033413015
"9";0,502041262517013;1,60213074547077;NA;3,12785051078721
"10";2877,09318516837;1566,2886386605;2140,5475862404;2033,27089363484
"11";3063,88950943373;2174,756138459;2546,39431119603;2206,3676018105
"12";2965,44333408711;2407,89684284205;2330,20166787113;2544,15735150591
"13";2586,86825831948;2489,87305857234;2775,5829474141;2324,84104440826
"14";2730,83959429985;2200,20427033886;2814,42898891514;2242,13849923485
"15";2591,44042063482;1910,48897496364;2507,05039152354;1817,53666668192
"16";2506,26153107806;2238,99574588795;2593,57026440844;2377,46562723333
"17";2773,44297097237;2247,08669539286;2662,47414464446;3073,23395357941
"18";2764,00183796261;2455,5435362692;2654,5471965248;2177,44845883919
"19";3121,19079568728;2493,13059189861;2862,37817975385;2755,80879872829
"20";2,96068471610083;1,67774948456619;NA;1,35833646503066
"21";0,500107165821285;0,792352311352107;NA;4,03082368287917
"22";0,500107165821285;3,95149210932783;NA;1,5482314893266
"23";2675,33929298235;2134,64305051709;2751,05625550785;2232,38175456967
"24";2392,9649275004;2413,13279247886;2399,8082021176;2660,44237344425
"25";0,500107165821285;0,900062183020046;NA;0,693310607134857
"26";2936,77588726169;2277,76581328257;2854,37845608572;2423,78297821549
"27";2749,53411719852;2260,23094249607;2507,37489711538;2744,47326291797
"28";0,500107165821285;0,794959204085739;NA;3,84446570604746
"29";0,500107165821285;1,64110975494293;NA;1,07498317732709
"30";0,500107165821285;1,56935933936066;NA;4,97470744362133
"31";NA;2,54655732052895;NA;1,04137394252375
"32";3,56524271330307;1,86294362665802;NA;2,13388092749285
"33";0,5159527662495;1,00320365108941;NA;1,11607585005839
"34";2930,70724240475;2031,09405709887;2883,78221748449;2290,47352566677
"35";3029,76143483958;2547,75703923133;2976,21113403033;2636,6313538938
"36";0,506392147159904;1,20049920009961;NA;2,96549946364646
"37";NA;2,29624160901898;NA;1,01589268976798
"38";0,500107165821285;2,3306355004017;NA;1,23650964685553
"39";2990,19245369651;2095,57716614867;2980,54472957807;2395,36796636244
"40";0,500107165821285;0,678665744285175;NA;1,03604240516186
"41";0,500107165821285;1,28186396686466;NA;1,04297390451066
"42";2644,95099034238;2302,91071948337;2628,80120105271;2197,87719952729
"43";2849,35184666612;2456,66227105587;2942,14732210172;2330,86708907606
"44";2763,46315252069;2603,49925300571;2947,98523317954;2507,05490435911
"45";0,500107165821285;2,10026542444447;NA;1,15754530787491
"46";2379,16751858922;2698,16425432713;2764,47107705106;2389,14605909099
"47";2704,45085833719;2531,91928167793;2722,81109216267;2688,25503806082
"48";2682,42528632598;2454,96791835911;2605,96638811707;2575,20412160352
"49";2479,20656163472;2569,03494264906;2240,29838730548;2327,74998145702
"50";2151,13079078812;2357,92321027669;2395,48135098458;2431,12642228497
"51";0,504437497389299;4,2998432611808;NA;1,70094211542145
"52";2816,2883187024;2506,12915646332;2817,1776632209;2709,80621144056
"53";3300,81338749437;2364,88089977876;2924,0259995018;2523,98423568068
"54";0,520083827281041;2,5354648173623;NA;1,13249642011903
"55";2689,60745929021;2399,30106396328;2752,72798490296;2601,07885461478
"56";3201,41686231873;2504,97515999132;2951,71114250508;2707,74835173587
"57";0,500107165821285;2,20871925683897;NA;2,08290212138975
"58";0,500107165821285;2,59578269572394;NA;5,02520946403702
"59";2700,57976125396;2375,47980911126;3065,32625677187;2345,96167141369
"60";0,500107165821285;1,1311166902706;NA;2,26289191238189
"61";0,500107165821285;1,01376322683429;NA;2,42052898949502
"62";0,532655548775554;1,05005805673653;NA;1,56287922481547
"63";2772,11324168447;2342,81861683292;2905,23064750764;2319,02936957337
"64";2560,56535147243;2496,26844014326;2975,2019204525;2606,1122979497
"65";0,500107165821285;0,955102428398205;NA;1,38027828272407
"66";0,500107165821285;1,23362282532188;NA;2,59403317851194
"67";0,545993522781377;2,64995407457942;NA;0,797400436127427
"68";2934,98999766126;2512,21777070787;2483,0315496883;2449,50995251868
"69";2562,05565646839;2382,92489091548;2020,47245495886;3051,69145877032
"70";0,500107165821285;4,15668321528559;NA;1,22804397291584
"71";2932,18014980016;2003,38230040649;2768,96613477313;2519,17092093685
"72";2999,48776171151;2703,68800234473;3164,49211392544;2729,41802722527
"73";0,500107165821285;2,58817806237859;NA;0,709997792014288
"74";0,500107165821285;1,10672111318126;NA;2,66884772344457
"75";2806,47774162251;2412,51580161274;2586,15342914519;2588,79622679248
"76";2371,67142920066;2305,82557827328;2432,80385469296;2377,23688528215
"77";0,500107165821285;0,822223537507786;NA;13,9498273215012
"78";2871,76182444763;2351,13674682526;2985,02079861989;2496,55782342533
"79";0,500107165821285;3,58917422073372;NA;1,79663949426098
"80";0,500107165821285;1,2726733408427;NA;1,44915575814513
"81";3146,56975019942;2378,71058247551;3020,69877597544;2310,22689629985
"82";0,500107165821285;1,22243245448761;NA;0,730923312407843
"83";2714,57735277907;2725,80575559493;2659,28642031362;2462,83141802735
"84";NA;3,6768094038486;NA;0,830166329916129
"85";2476,65658735991;2175,84124584531;2362,04877448007;2456,45544908678
"86";NA;1,29977461794753;NA;0,772427896112745
"87";3064,37112817332;2286,79242985692;3140,60541789639;2936,36968834928
"88";0,500107165821285;1,79220294987578;NA;0,766958151464845
"89";0,500107165821285;3,37370585171062;NA;1,23054583176973
"90";0,500107165821285;2,40332168844145;NA;1,46411066847326
"91";2970,44374404264;2358,53868355414;2743,38137763266;2534,55535520956
"92";2608,999466199;2584,22501563417;2508,77581496346;2326,0307028221
"93";0,500107165821285;1,62249350179426;NA;1,57427987310833
"94";2607,07290693007;2621,87322693451;2339,76191466729;2897,13954101079
"95";0,521077940136713;0,973918858752994;NA;9,99719131651265
"96";2802,13769238846;2327,95843488746;2965,55151307461;2541,08299480242
"97";2975,60772633015;2491,74314325891;2660,65288969521;2763,83589939299
"98";2901,59591253324;2204,8352162023;2729,01992987109;2581,98267261154
"99";0,500107165821285;0,957864602019801;NA;2,55719874342599
"100";NA;0,933830724212587;NA;3,27680951238834
"101";2396,62450563538;3157,11244710089;2136,68081649289;2952,49752810816
"102";0,500107165821285;3,00340691493555;NA;2,69120103028716
"103";2796,97983568958;2449,08610567673;2757,46551330467;2375,9541158845
"104";NA;4,13408152293639;NA;1,51430809810807
"105";2629,0172347697;1928,22870191376;2717,3968493675;2664,40215772467
"106";3091,59173222033;2489,6656900691;2658,46923010932;2567,9783729904
"107";2912,27620692459;2072,04658906151;2802,25940408586;2145,6492478083
"108";0,530655984248461;0,816526526162542;NA;3,56749741553712
"109";2730,3102444917;1996,62875219021;2665,75519800381;2235,45985089792
"110";2600,90452881184;2535,8300756969;2915,08784266862;2517,78199181194
"111";0,500107165821285;5,28838017984804;NA;2,12207005330592
"112";3285,47421469223;2569,62017141532;3015,57535847661;2918,70706296163
"113";2893,08390448045;2439,74004459399;2461,10296803403;2572,75256595636
"114";2843,20366314605;2249,18585265552;2576,53195842512;2618,80290933319
"115";2617,66854754657;2490,42770925535;2754,67721291085;2435,1422794275
"116";0,500107165821285;0,647900378870522;NA;0,856336617111458
"117";0,500107165821285;1,533590794708;NA;0,932995956023956
"118";2827,86703381732;2478,32682284696;2586,31092465677;2757,50741577483
"119";3102,02821803052;2137,03578412204;2965,60932970286;2565,07117788007
"120";0,500107165821285;0,723229915594408;NA;1,11549200612211
"121";0,500107165821285;3,20615558818248;NA;1,18349666857169
"122";3036,46409451807;2719,73510545449;2890,45460590137;2683,56554827665
"123";3096,48300315662;2713,93880102832;2682,23932740207;2476,20603468377
"124";0,500107165821285;0,943033944220645;NA;1,91594514655794
"125";2885,8409297278;2545,73540098789;2825,08002361105;2856,73253969569
"126";2931,64425198956;2274,54833387376;2878,0042744379;1962,79928140436
"127";3144,55751159696;2618,06020583766;3141,06420380616;2324,7484052409
"128";0,500107165821285;1,09288623448682;NA;1,80484227656348
"129";2786,84583659535;2482,2523168538;2647,04626220569;1815,07039356275
"130";0,500107165821285;0,532190876237479;NA;1,77715956536244
"131";0,500107165821285;0,781309154040112;NA;1,1462951497605
"132";0,500107165821285;3,2395672057937;NA;3,08141996017877
"133";2224,87928481632;2533,21938890345;2872,5445318938;2872,57162244071
"134";2398,12946822868;2458,05602194905;2260,46906442939;2597,522868874
"135";0,500107165821285;2,70417671858996;NA;0,612840814543493
"136";2641,34968918901;2610,21396737895;2871,24133405242;2413,68418791334
"137";2634,04908309108;2343,13354934095;2774,71587965167;2212,56871557208
"138";3051,94266616042;2132,29746447766;2435,89041967456;2483,21285103346
"139";2834,66858722074;2781,50620113908;3192,20936112527;2791,90659003417
"140";3049,06123967901;2566,31477700718;2771,40508061398;2326,56309816334
"141";2543,52612417857;2411,2422905891;2878,57772377053;2353,60521546603
"142";0,500107165821285;0,853692340154935;NA;2,30460145698591
"143";3014,92167915888;2221,54913251084;2778,04128470885;2351,17881564815
"144";0,500107165821285;0,966953772390371;NA;2,54479331403455
"145";2786,30328800612;2221,7988285725;2862,84501670453;2815,0073023994
"146";0,500107165821285;1,06910834354484;NA;1,11918809906923
"147";9,76460391604216;1,42559527909493;NA;5,09226727377457
"148";0,500107165821285;0,745778377379958;NA;0,862368930946993
"149";0,500107165821285;1,47524627938032;NA;0,864398741885557
"150";2841,32481188073;2308,87500997886;2849,01394453185;2602,57675800711
"151";2764,66473175243;2589,42648401348;2723,28894343226;2636,12311162556
"152";2984,08647926743;2947,90620195811;2969,08389187756;2854,81275494396
"153";0,500107165821285;0,592608753745703;NA;0,770378775455368
"154";0,534874229620741;2,51375882804969;NA;1,20655961648749
"155";2951,37275577701;2368,99387294609;2825,82474151823;2252,7209541458
"156";0,629548456311196;1,05836383828525;NA;1,25982542810004
"157";0,500107165821285;1,80061821682628;NA;0,73230485268928
"158";2638,92009082797;2806,30957500162;2733,80491836125;2876,49346791209
"159";3019,44631313665;2127,5854845886;2767,70846169503;2608,31045834995
"160";NA;3,04385090989878;NA;2,47385564533828
"161";0,500107165821285;1,32569203735738;NA;1,13418397682756
"162";NA;2,5189896181868;NA;1,69233079012569
"163";2945,7722966707;2558,00684817174;2898,42966513469;2685,47736854268
"164";2998,99774099474;2251,02598109987;2581,80982509614;2369,48627037141
"165";0,500107165821285;0,726458324913809;NA;2,92443017761875
"166";3184,94602706433;2523,19488779142;2948,79130703182;2638,75560029151
"167";2590,93685958766;2576,02375815117;2654,61052444705;2923,27558965361
"168";0,500107165821285;0,845732776828557;NA;4,18705539684639
"169";3061,86147416141;2124,1857290566;2737,68705308037;2275,5994595811
"170";2826,74501869532;2365,72035297157;2903,29906523827;2104,44174285424
"171";2879,49294512732;2254,24953991262;2984,21970994787;2231,69779309617
"172";0,500107165821285;2,57172083690657;NA;3,44786214513628
"173";2826,3744071281;2568,53959864187;2520,88797057106;3026,77549651504
"174";0,528275005391005;1,2450910232337;NA;3,02792427140566
"175";2786,81996208538;2231,74242209865;2612,20900531321;2233,32558522439
"176";2659,60187120271;2094,76119819187;2609,99009288756;2367,80105140238
"177";0,500107165821285;10,1565044139684;NA;2,13852486468891
"178";0,500107165821285;1,15473112999033;NA;0,994940561436017
"179";0,500107165821285;2,31392430974048;NA;0,780170629693179
"180";2387,45861692501;2666,71021338551;2331,36423033061;2493,90544417571
"181";1,01705137253187;1,39147050759074;NA;2,88445661661131
"182";0,500107165821285;1,96202747502703;NA;1,77539683338746
"183";0,667254354302885;4,6424806222465;NA;1,60377999389857
"184";0,500107165821285;0,691654346721727;NA;1,06671377844096
"185";0,523298847058693;5,32679919301253;NA;5,35890360680765
"186";0,500107165821285;4,7910397519106;NA;2,27545499073748
"187";0,506745630863183;2,93848379509054;NA;0,697035341601012
"188";2713,45890231432;2589,55586210233;2498,94387661062;2620,00658769649
"189";0,500107165821285;2,58116633872472;NA;3,00991322962655
"190";2,61606135219276;1,39254969593231;NA;1,74203895732186
"191";0,500107165821285;7,36443340260645;NA;1,37888394207424
"192";2949,89343554118;1935,00713937284;2456,20760902159;2177,16245109883
"193";0,500107165821285;0,884542957017164;NA;0,673143311966615
"194";3357,22212241405;2596,51515899717;3132,58831779157;2514,54040671787
"195";NA;0,599642228877755;NA;2,46283041170609
"196";2633,18939404804;2291,78968408978;2550,36584702959;2530,00806280494
"197";0,500107165821285;1,71553982373215;NA;1,0303751142016
"198";0,500107165821285;1,25549052180306;NA;2,64497761122326
"199";0,500234959092167;1,04986766389659;NA;2,44920327120736
"200";0,848787343998136;0,810876231623156;NA;2,66652328815307
"201";2826,5615682015;2038,56461910338;2468,54198838112;2213,01778455962
"202";0,500107165821285;1,26854875721209;NA;1,59657904570064
"203";0,500107165821285;1,88872977405086;NA;3,24211569782257
"204";0,500107165821285;3,47545671035543;NA;3,13099637634354
"205";2861,15874292087;2199,37896498466;2761,9883389357;2450,0862054069
"206";0,500107165821285;2,26064954191478;NA;0,994973113293701
"207";3047,77222461942;2660,06333234163;3074,57147319748;2429,30896060219
"208";0,500107165821285;3,94757534237969;NA;3,11162658296345
"209";2817,56008033427;2486,42047804026;2708,07257939778;2814,68402675582
"210";1,65159719712667;1,31565727403755;NA;2,47209493856993
"211";0,500107165821285;1,48421482634895;NA;1,62098093448668
"212";2658,50689078414;2685,84444667774;2730,44058130919;2226,92537537802
"213";0,524848356324228;0,995474707405709;NA;0,781338667200438
"214";2538,39894888562;2261,80015620877;2752,59703020748;2705,7273400154
"215";0,500107165821285;0,777228336356911;NA;3,52037349861126
"216";6,48921393046417;2,04351201951363;NA;1,12409032135978
"217";2786,60549303056;2037,11112383404;2679,21866656139;2704,74635326725
"218";0,500107165821285;3,23844743560271;NA;1,3434329136988
"219";2813,66552657181;2498,94959344943;2785,64595583096;2517,67876766319
"220";0,500107165821285;1,30682302978188;NA;0,628456704778038
"221";3087,46524637789;2350,41449963742;3109,37087609685;2506,75266937978
"222";0,500107165821285;1,68829061107919;NA;0,684023954202436
"223";3226,49176532192;2503,19407964129;2914,75080052285;2643,17781276806
"224";3045,12373606658;2165,69215324506;2748,35362590886;1957,02828468521
"225";3014,46115074441;2606,08824775664;3001,32626856302;2420,68405004722
"226";0,500107165821285;4,56087871612502;NA;0,727959749490563
"227";3139,39110390769;2305,28481742722;2958,43176906121;2592,05776154209
"228";1,42888201340787;0,97440898317431;NA;13,0532551773937
"229";2822,59062209789;2164,32954947167;2857,23916555623;2287,42590829832
"230";2606,21842313008;2212,62835628816;2324,77589626274;2422,20208730359
"231";0,529456525950841;1,26576497936577;NA;1,18019438341215
"232";3070,68775567862;2652,7882194273;3197,42016261959;3163,15538720438
"233";3160,34762044599;2327,20168268843;3342,69704987876;2568,52243223088
"234";0,641067330940568;4,17483841554174;NA;1,88741429128207
"235";2999,1068391565;2739,46302390291;2721,16863068933;2448,1926905107
"236";0,500107165821285;1,11258067344502;NA;1,24389473136336
"237";NA;2,20964420705267;NA;1,3610865229544
"238";NA;0,74464006964131;NA;0,759045237834144
"239";0,500107165821285;2,69020444777394;NA;2,40870705129583
"240";0,500107165821285;2,2151093086896;NA;0,765363362532233
"241";3009,51575665409;2756,85692143066;3022,13082885369;2615,55326153766
"242";0,500107165821285;0,601045340084513;NA;2,0576246601189
"243";0,500107165821285;1,27459331560164;NA;1,0807613846343
"244";0,511160631114636;1,60883723249981;NA;4,11984351218466
"245";2430,52567656869;2541,14129224839;2498,56011747308;2449,67264295895
"246";2788,61615378459;2482,42920274238;2958,94702605643;2531,97766160127
"247";2929,39147400249;2320,74487385408;2877,82006343451;2644,97194133837
"248";3002,20106810445;2706,5212935626;2500,04403328684;2481,57549835339
"249";0,500107165821285;1,05433446805698;NA;0,861234393662727
"250";0,500107165821285;1,80742193754817;NA;4,2172713182671
"251";2921,08681453811;2029,29798356062;2648,14529177428;2301,56092376933
"252";2917,50564023422;2228,53341540459;2819,25990146253;2568,97112117275
"253";2889,4333444838;2378,32357080874;2612,32889158874;2279,37537320181
"254";2484,89537708196;2179,19302441666;2568,19109073682;2530,70471515191
"255";0,500107165821285;3,37081245518089;NA;1,45451068832422
"256";0,500107165821285;4,02105476819919;NA;3,45854507621488
"257";0,500107165821285;0,964694494378466;NA;0,687954547325086
"258";0,500107165821285;4,09459429795699;NA;1,38003207397687
"259";0,500107165821285;3,59579698612591;NA;0,923100829659419
"260";3,91769243631194;3,10802305964995;NA;1,23901233896943
"261";2796,48981898052;2610,05722816985;3021,14224924914;2687,51835241455
"262";0,500107165821285;1,34265385253935;NA;1,68699771276385
"263";1,2052495311736;1,28981768317869;NA;1,10563907870705
"264";2979,16285289341;2497,84756020881;2568,11139526856;2364,35739700272
"265";0,500107165821285;2,60440179264989;NA;0,70665816885424
"266";NA;1,10568327268055;NA;2,0557115982829
"267";0,546446887868529;2,20108717246136;NA;2,4293772394422
"268";2743,16383351123;2354,1492077019;2710,06835349238;2464,91985146695
"269";2831,54080051868;2364,73465045841;2680,38790206174;2381,30876921868
"270";0,803922950346319;5,50339971461962;NA;4,70051302570161
"271";2522,47814691217;1949,50483128421;2115,13862584978;2721,84138071687
"272";0,679191112431964;1,95824018124306;NA;1,20490326694718
"273";0,560775328548387;0,935751658439721;NA;1,86620165637687
"274";2432,922022841;2337,19599717815;2611,91589321755;2122,88207614685
"275";0,500107165821285;0,635529176478088;NA;0,707085866373197
"276";3027,62472923699;2706,92261909645;3050,54403869119;2527,6166930841
"277";0,523852204631689;5,51087371433453;NA;3,21088555725882
"278";2928,5807640303;2634,12122770256;2846,01378684047;2783,31256623997
"279";0,550666474645173;0,743429824051765;NA;1,79962578527965
"280";0,500107165821285;0,737169988913567;NA;4,21967771313171
"281";3261,40597758059;2686,97996674725;2867,4028680334;3038,4419097835
"282";0,500107165821285;0,688783286085371;NA;5,10858959387182
"283";0,500107165821285;3,61295499496786;NA;2,09116013678439
"284";0,517765506226056;2,44250480928506;NA;0,9750915471334
"285";2770,35265743485;2120,27142036192;2577,3747209096;2417,52838757609
"286";0,500107165821285;1,1370655004315;NA;1,68689737964699
"287";2734,60659291414;2331,99983526144;2691,938835349;2203,14221436903
"288";0,500107165821285;1,07405860354794;NA;2,34611763117315
"289";3115,93113140531;2304,57943431282;2990,09396622288;2435,49017243339
"290";2597,11178648195;2431,87965637998;2393,04694481404;2344,26602352952
"291";0,500107165821285;0,974395568102844;NA;2,52124854694677
"292";0,500107165821285;0,828048258280562;NA;3,42647735958149
"293";2423,07031331896;2370,89902138836;2203,83234386004;2716,26886850015
"294";2790,7048655807;2280,71073305389;2820,27144849484;2752,57565325496
"295";0,585043434884626;0,669984784351566;NA;0,604793095197767
"296";2849,38774509018;2137,98234346565;2525,73096218229;2057,2118786118
"297";0,500107165821285;2,32827029424003;NA;0,64875189594719
"298";2861,28074865104;1761,29005697474;3111,14539326245;1749,69440394328
"299";0,500107165821285;5,50606245369498;NA;1,52196669012518
"300";2844,15221635057;2261,00302740111;2483,07084839149;2387,82061763456
"301";2384,54404254474;2359,43325467852;2100,2104689338;2911,58831897529
"302";0,50102917912964;2,5808485488398;NA;0,822914866748277
"303";2625,55337311439;2492,70940775356;2389,29525585399;2853,40499554195
"304";0,507907481816621;0,923264171717333;NA;4,8781776160118
"305";3107,89629640611;2177,13888250382;2910,0303306964;2318,84489652537
"306";0,500107165821285;0,994165556827214;NA;3,97472787466778
"307";NA;1,52647989827952;NA;0,68404255310455
"308";3062,76366213574;2708,10938044922;2908,21275586829;2512,44558646952
"309";3284,2836214527;2558,61425954888;3095,61680067438;2312,109839865
"310";0,500107165821285;0,938407928708247;NA;1,62480616656426
"311";3417,49039866751;2987,62597352125;3295,50077446985;2381,17668292035
"312";0,500107165821285;0,731271419015733;NA;0,69570487686689
"313";3119,6817986887;2452,44428091546;2947,87799818588;2530,43302672427
"314";2908,11458468506;2061,62577451849;2477,07253355546;2406,52532349506
"315";0,500107165821285;1,49193580379325;NA;0,923532565936202
"316";0,500107165821285;2,85486522971191;NA;1,39005277679768
"317";2894,26575221412;2355,33275554893;2673,97191639977;2702,25554492575
"318";NA;1,47562883145924;NA;0,749637252188532
"319";2701,55315737507;2568,34705524619;2660,89797493593;2653,31689724806
"320";0,500107165821285;3,1792895636171;NA;2,30270157278038
"321";2670,37713980251;2699,2524363424;2785,98682607809;2805,19261288779
"322";2549,11442632201;2540,28655313937;2501,93711362474;2264,89463794298
"323";2629,16221068048;2540,95511572388;2933,79866419208;2379,40479944735
"324";2706,89974745562;2465,21066065956;2711,79934653292;2369,23996930251
"325";0,500107165821285;2,4636790025466;NA;3,37488377923766
"326";0,500107165821285;0,831137476299992;NA;1,33148415051941
"327";2657,24154743742;2331,81215839384;2762,31660151602;2419,34018760517
"328";0,500107165821285;1,94133785211342;NA;0,648134680903675
"329";2754,04714118332;2224,73816723141;2704,33065518933;2791,30304525833
"330";3083,71974774294;2354,88301558269;3149,41315568496;2499,20236088163
"331";0,500107165821285;0,800163559000329;NA;1,3546926432804
"332";3157,44100463822;2886,91434514216;3186,31492411496;2634,32782267524
"333";2528,2996502632;2091,55527567528;2330,50534943306;2366,33965758363
"334";2851,43570296148;2347,23669130176;2670,4584966126;2473,07628241178
"335";3033,07166085015;2471,98803296868;2999,84985485897;2628,81717898269
"336";0,500107165821285;0,568582878840964;NA;2,63801470501622
"337";0,500107165821285;0,769003804980721;NA;0,707306209092518
"338";0,500107165821285;2,92716238443549;NA;0,863890038976566
"339";3295,38397765437;1892,86971726449;2731,86405316675;2163,23213690547
"340";0,500107165821285;5,16978171580658;NA;3,37885114141784
"341";0,500107165821285;1,95882489969714;NA;3,2967934019224
"342";0,500107165821285;0,864764538984619;NA;2,43547711086891
"343";19,8423360209193;2,36871671087086;NA;5,28867862238865
"344";NA;0,813117949407804;NA;1,19941429599722
"345";3067,86404952701;2348,13953559859;2884,84031496839;2584,52126950885
"346";0,500107165821285;0,958380947233092;NA;0,987691087353556
"347";2895,45307751664;2510,93710617864;2846,82993518245;2365,76458781646
"348";7,50260770198007;4,33570477652646;NA;1,31283597288245
"349";2863,00165988712;2275,5938781894;3305,6505516184;1973,26577743518
"350";3204,09789814681;2910,27966234667;3302,37596309873;2902,8379634669
"351";0,500107165821285;2,69670311424053;NA;0,823251569649634
"352";3058,1181953756;1954,53579547371;2806,54536061119;2449,51434256796
"353";0,500107165821285;2,4834147806566;NA;2,10007384810051
"354";0,500107165821285;3,55101794420442;NA;1,3635160412022
"355";0,500107165821285;1,02163096279261;NA;4,2193285679005
"356";3061,55130565635;3077,12087018685;3251,92280248696;2822,73801040591
"357";2876,78694928071;2266,01676431807;2415,34490141661;2757,10501070042
"358";0,500107165821285;1,92559151011812;NA;1,32397824790873
"359";0,500107165821285;4,73149703023305;NA;6,98203629413541
"360";0,500107165821285;0,868710645324561;NA;1,00186345588641
"361";0,515186358956159;1,26850262207489;NA;1,98031751435202
"362";3179,85059187312;2483,63435399671;2947,41015182168;2199,48950669573
"363";2614,94633977306;2097,20604992681;2429,27600124356;2422,35552915076
"364";0,500107165821285;0,871829983232822;NA;0,766013092453049
"365";3007,07679557143;2239,51249726069;2832,98822686726;2304,46631187792
"366";2888,9125432457;2161,58997512413;2575,69659757973;2059,83183157684
"367";0,500107165821285;1,93132607357675;NA;1,59747837765569
"368";3043,01238149429;2192,36418665957;2471,32398295796;2370,13478542975
"369";2882,71544701624;2146,32773357804;2932,14505039444;2411,85951341957
"370";0,500107165821285;0,952962374042652;NA;0,754374618972526
"371";0,500107165821285;2,35349397697752;NA;4,62933562032352
"372";2431,79702904418;2291,31201982588;2781,11781075177;2760,35728326666
"373";0,500107165821285;2,00710944203632;NA;0,72156389982505
"374";0,500107165821285;0,56143407138995;NA;0,6221629868843
"375";0,500107165821285;0,921971232524159;NA;2,52198957819501
"376";2942,40355557045;2580,54163749307;2938,06920337423;2481,40781192619
"377";2897,58174749856;2077,04100188389;2682,65168677356;2352,49968177076
"378";2908,47395784039;2712,90767825898;2659,29485205034;2419,27777990741
"379";0,974437213304358;1,03951706870663;NA;2,99690816605502
"380";0,500107165821285;0,879565268989442;NA;1,51056834015202
"381";3030,55060673737;2276,65561628743;2809,80148907812;2659,17372607647
"382";2844,67865053205;2424,6525585615;2783,46656558294;2554,1927563204
"383";NA;0,936284249927199;NA;2,11510008753945
"384";0,500107165821285;9,03749448712435;NA;7,54685590383788
"385";3088,20699420071;2250,32716789558;2771,7062100893;2248,33388795539
"386";0,500107165821285;0,660926097257387;NA;0,669622677502346
"387";0,590606172359432;1,17195935916308;NA;11,0480699744774
"388";2982,23421819928;2275,0467331422;2685,65841117206;2462,76866950799
"389";2936,08259098814;2632,26674577248;2795,02743623253;2717,54866947036
"390";0,543400064755696;1,78018275900082;NA;3,81718802031479
"391";0,500107165821285;1,05336942362489;NA;0,7906788892031
"392";0,500107165821285;2,07186232947999;NA;0,964904212831242
"393";0,500107165821285;0,722318436158618;NA;0,530645520782339
"394";0,500107165821285;3,01050754051867;NA;0,930918546543309
"395";2921,31796537658;2709,61454832056;2551,42195508383;2862,32435444196
"396";0,500107165821285;3,87034263410565;NA;2,39214708113593
"397";0,500107165821285;1,59961432590347;NA;3,40619916221201
"398";0,500107165821285;1,1694840996387;NA;3,23304948041696
"399";NA;4,27310067267034;NA;1,29451932894588
"400";3061,20750969925;2474,51928914807;2980,85948000287;2206,99580972732
"401";3099,8239001922;2360,20225723631;2719,35144423382;2213,51266467157
"402";3157,04806237314;2743,40595503543;3294,69382971132;2776,88358878479
"403";0,500107165821285;5,22448930953053;NA;0,953162792209413
"404";2872,43362785905;2889,03655880912;2736,94826720545;2499,70330104376
"405";2982,25041107362;2127,93003845637;2859,922743951;2380,0396100791
"406";0,500107165821285;5,19783883841953;NA;1,26962405564647
"407";3041,03746681984;1955,79406976318;2801,92967447668;2600,3649111561
"408";2689,77146569836;2350,93431497077;2887,32080993954;2231,61996947022
"409";0,623040782306504;2,28801495911408;NA;1,88434997386661
"410";2933,8557531151;2359,64918625989;2911,79918036781;2290,58839526188
"411";0,515994137927703;5,22998053057096;NA;2,89662445290576
"412";2819,37728080616;2601,2608546953;2989,77353704568;2049,64113083078
"413";0,500107165821285;2,36935025577582;NA;1,50574958340792
"414";NA;0,910795432572323;NA;0,968491278865507
"415";3319,3055235381;2464,7702846155;3132,97990712621;2481,40827257019
"416";0,50316321505971;3,12405322417791;NA;2,24669317790224
"417";0,500107165821285;13,0889210587856;NA;0,927102259848219
"418";7,08861286080643;7,16485096763386;NA;2,01075627098276
"419";0,500107165821285;4,88222543877444;NA;1,18358870960678
"420";0,500107165821285;2,2974236607477;NA;8,92070908265595
"421";3045,39892961899;2046,2884931609;2628,92591719357;1761,19970013534
"422";0,500107165821285;0,818923347414799;NA;1,15457304400631
"423";2927,0259192429;2608,08419659545;2776,30403631541;2856,61742136576
"424";2985,83086412456;2438,57434092026;2958,16185476286;2799,22680254322
"425";2549,88262354348;2430,03307343171;2731,36681285659;2416,06592583621
"426";2656,83744292102;2204,33694512334;2622,06356879656;2735,98489240202
"427";2798,62161780705;2155,08443578372;2400,34313989797;2516,42533967102
"428";0,500107165821285;1,09578840564998;NA;0,717608116750475
"429";2961,3856305591;2684,99201494442;3055,79378651467;2702,5008749428
"430";2916,11724095611;2370,55336464402;3236,79088524968;2352,93399495435
"431";3063,92221162631;2376,08057864367;2928,13887173087;2529,25233383355
"432";NA;1,16555901380865;NA;0,635164673153318
"433";0,500107165821285;6,13978912135383;NA;0,812555190107664
"434";0,500107165821285;0,632110133988396;NA;1,04074952983316
"435";NA;9,76823431869589;NA;2,64703880576166
"436";3128,81028634035;2003,98581735122;2884,88435549593;2308,97863005209
"437";NA;3,27638927021416;NA;6,1247367199927
"438";3397,79433104936;2437,38117738733;3403,01511930991;2502,52097682601
"439";0,500107165821285;2,89047781386097;NA;6,22592926742765
"440";1,53992623573151;0,826799467610096;NA;2,23292772284147
"441";3093,05646636259;2768,97940306962;3291,98162667982;2412,65330543973
"442";2742,40847909641;2504,95410335768;2795,03456190096;2457,85951085597
"443";0,500107165821285;1,16860803900625;NA;3,01657610488802
"444";0,608581406171846;2,32111290551485;NA;1,24417133310194
"445";0,500107165821285;0,593801002477847;NA;5,36601762632433
"446";0,500107165821285;0,826438483494994;NA;1,30774256176559
"447";4,38429377075825;5,37942631228933;NA;1,94704915949055
"448";0,500107165821285;2,82857893198453;NA;0,992494881121312
"449";3170,59107345654;2643,70403117305;3270,14193955893;2565,79177098977
"450";3071,2435988102;2077,73584759117;2294,14467232488;2274,56737927811
"451";2841,46623494236;2443,48489504917;2816,33224427596;2533,47978184062
"452";2554,84067861574;2519,78974520943;2414,06258291992;2362,28094614757
"453";0,500487818413283;5,84107204644927;NA;1,23261802980689
"454";2676,61174428041;2921,9938419762;2571,9765413252;2159,74851927882
"455";0,500107165821285;2,4141423335798;NA;4,2683662669874
"456";0,500107165821285;1,14812321066834;NA;1,35043954163173
"457";2875,69933792783;2479,28197847087;3053,49648781819;2766,70675861193
"458";0,500107165821285;9,09548952200271;NA;1,94292009798141
"459";NA;3,92384529394332;NA;1,26145089554387
"460";3167,05962625152;2777,44011794488;3166,56255172896;2991,21646888559
"461";0,500107165821285;1,8547657381968;NA;1,19880340692599
"462";0,500107165821285;3,05599157918909;NA;2,08553747153638
"463";3056,83649424461;1670,69961427329;2638,4954683801;2367,54898545019
"464";0,500107165821285;1,17199505862472;NA;1,51095530571662
"465";0,500107165821285;2,14836443013523;NA;2,20508671371382
"466";1,01022224191838;2,69124518892766;NA;1,48386021787186
"467";0,504348076673984;5,37870420571853;NA;2,44708991559388
"468";2870,9631357629;2219,90114586946;2793,25845717345;2394,10345533923
"469";3175,82165431054;1919,84417431752;2371,08238969902;2512,20015997516
"470";3150,61162371471;2308,70400251829;3085,80526709217;2543,4678200396
"471";1,66463673701077;11,8371866663557;NA;0,984884564796235
"472";0,500107165821285;4,29511736990006;NA;2,91642640379608
"473";2928,0836110231;2829,36046052;3144,64688246283;2699,45305972107
"474";NA;1,45177269032547;NA;2,45833327302933
"475";2859,49242926422;2277,5183817335;2893,70863565268;2774,34242653821
"476";0,508888970167934;1,84631157636137;NA;0,929866537408018
"477";2645,31187283714;2676,61601684996;2485,32013710137;2455,38657526164
"478";0,999237063427886;2,22592981087351;NA;7,75439734426378
"479";2840,75185040314;2104,2850444502;2779,27016801878;2319,47256307123
"480";2677,48342267426;2428,57545788958;2115,79576371349;2792,92703403252
"481";0,521616422219856;2,09754967480775;NA;4,605633518876
"482";0,500107165821285;0,801967349982143;NA;3,69760444605362
"483";2547,67024796257;2573,98881947753;2242,89125968363;2602,66875264255
"484";2674,14913269516;2507,14796787922;2612,75481053899;2725,74764396226
"485";0,500107165821285;4,64630932652541;NA;2,8232556325158
"486";3291,46396824436;2121,84052363963;3041,44931941888;2122,18617461954
"487";2931,16543892376;2550,55842457782;3093,30701508553;2623,1375171035
"488";2637,71452843632;2488,50765665659;2655,73981438535;2379,1456075415
"489";3020,88759974397;2359,82887593127;3051,56536492692;2545,43969469563
"490";0,500107165821285;1,23208284973972;NA;0,583422714031229
"491";2663,01743249216;2316,6836446858;2450,4879816859;2421,43781966903
"492";0,500107165821285;2,31176426170248;NA;0,801589704765908
"493";2901,68481391255;2235,64221304398;2821,18231750078;2132,48978094159
"494";0,500107165821285;1,67060404752551;NA;2,83881148995423
"495";2971,58770983609;2215,14946718918;2766,3140584746;2241,89842671638
"496";2868,96684405466;2547,38068844252;3032,48760613689;2603,0212641618
"497";0,500107165821285;1,64901849602992;NA;0,617422317724244
"498";2559,38578383613;1902,82347195628;2677,94962213305;2308,14082265588
"499";3010,28716899764;2161,66485451891;2638,69388032736;2457,28963685774
"500";0,500107165821285;0,932817259875261;NA;0,961681824878811
