;mean;sd;bias;cp;;Mean means;Mean SDs;Mean bias;Mean cps
1;-2,206198402;0,075985482;10,30992008;0;;-1,995977716;0,078347682;-0,201114176;0,95
2;-2,085260968;0,08018045;4,263048384;1;;;;;
3;-1,994459583;0,077766652;-0,277020871;1;;;;;
4;-1,982638434;0,079508071;-0,868078282;1;;;;;
5;-1,974259277;0,079587247;-1,28703613;1;;;;;
6;-1,945530881;0,075039911;-2,72345596;1;;;;;
7;-2,053912397;0,073579046;2,695619851;1;;;;;
8;-1,819643742;0,095289054;-9,017812912;1;;;;;
9;-2,046640454;0,075599289;2,332022696;1;;;;;
10;-1,935065263;0,092880933;-3,246736874;1;;;;;
11;-2,099659347;0,080072021;4,982967333;1;;;;;
12;-1,860070054;0,076812352;-6,996497313;1;;;;;
13;-1,989678164;0,077639221;-0,516091787;1;;;;;
14;-1,960615845;0,07672658;-1,969207769;1;;;;;
15;-1,915851981;0,077916508;-4,207400964;1;;;;;
16;-1,998755424;0,079338693;-0,062228804;1;;;;;
17;-2,008921326;0,079465261;0,446066324;1;;;;;
18;-2,072957073;0,073775664;3,647853634;1;;;;;
19;-1,966834512;0,077478735;-1,65827439;1;;;;;
20;-1,903954053;0,082644306;-4,802297342;1;;;;;
21;-1,98075036;0,072270221;-0,962481996;1;;;;;
22;-1,934674691;0,081312462;-3,266265451;1;;;;;
23;-2,070063701;0,074392664;3,503185039;1;;;;;
24;-2,033465225;0,076745957;1,673261234;1;;;;;
25;-1,985155012;0,077587352;-0,742249409;1;;;;;
26;-1,982977664;0,084332832;-0,851116802;1;;;;;
27;-2,044097693;0,073456321;2,204884627;1;;;;;
28;-1,943756422;0,098946067;-2,812178887;1;;;;;
29;-1,96935762;0,082805752;-1,532119011;1;;;;;
30;-1,904017378;0,079095464;-4,799131118;1;;;;;
31;-2,045164136;0,077575219;2,258206777;1;;;;;
32;-1,878739367;0,075144458;-6,063031663;1;;;;;
33;-1,969192997;0,075459657;-1,540350171;1;;;;;
34;-1,996562667;0,080935699;-0,17186665;1;;;;;
35;-2,053449559;0,077233779;2,672477934;1;;;;;
36;-1,984400079;0,071141041;-0,779996059;1;;;;;
37;-2,058247036;0,08202717;2,912351823;1;;;;;
38;-1,95959343;0,073174275;-2,020328507;1;;;;;
39;-2,042694819;0,07668591;2,134740935;1;;;;;
40;-2,043755992;0,084720606;2,18779959;1;;;;;
41;-1,983372286;0,084161274;-0,831385687;1;;;;;
42;-2,042197754;0,083280813;2,109887714;1;;;;;
43;-2,062867858;0,075885536;3,143392893;1;;;;;
44;-2,056513983;0,075910464;2,825699132;1;;;;;
45;-1,906089977;0,071682661;-4,69550113;1;;;;;
46;-1,963935969;0,079960434;-1,80320157;1;;;;;
47;-1,914309068;0,072422976;-4,284546598;1;;;;;
48;-1,943205095;0,071317385;-2,839745231;1;;;;;
49;-1,852802244;0,080356436;-7,35988782;1;;;;;
50;-2,055347567;0,081390424;2,767378329;1;;;;;
51;-2,013046897;0,077496887;0,652344864;1;;;;;
52;-2,143822634;0,076266156;7,191131701;1;;;;;
53;-1,926258323;0,074429234;-3,687083856;1;;;;;
54;-1,999897409;0,079068513;-0,005129541;1;;;;;
55;-2,132564039;0,076249627;6,62820193;1;;;;;
56;-2,065157537;0,079767839;3,257876836;1;;;;;
57;-1,99189923;0,080296348;-0,405038482;1;;;;;
58;-1,922068869;0,076404088;-3,896556535;1;;;;;
59;-1,967744198;0,072285242;-1,612790085;1;;;;;
60;-1,943394606;0,072971952;-2,830269678;1;;;;;
61;-2,173653458;0,077176816;8,682672879;0;;;;;
62;-1,962248792;0,075361985;-1,887560414;1;;;;;
63;-2,020819956;0,078833351;1,040997812;1;;;;;
64;-1,920855435;0,075151505;-3,957228255;1;;;;;
65;-1,958202309;0,078724567;-2,08988457;1;;;;;
66;-2,009624807;0,074520002;0,481240347;1;;;;;
67;-1,989599387;0,081666739;-0,520030627;1;;;;;
68;-1,9976832;0,080053288;-0,115839996;1;;;;;
69;-2,061300816;0,075580266;3,065040806;1;;;;;
70;-1,894850729;0,076281417;-5,257463531;1;;;;;
71;-2,098023754;0,077928187;4,901187698;1;;;;;
72;-1,927013196;0,077199368;-3,649340221;1;;;;;
73;-1,895125401;0,077913019;-5,243729973;1;;;;;
74;-1,997223794;0,077162013;-0,138810316;1;;;;;
75;-1,819093576;0,087686258;-9,045321223;0;;;;;
76;-2,05443902;0,07981436;2,721951011;1;;;;;
77;-2,027834701;0,079513913;1,391735063;1;;;;;
78;-1,954356491;0,071554432;-2,282175466;1;;;;;
79;-2,174530668;0,075997368;8,72653341;0;;;;;
80;-1,965171389;0,072633342;-1,741430555;1;;;;;
81;-1,964546629;0,070591491;-1,772668548;1;;;;;
82;-2,037410156;0,076289029;1,870507792;1;;;;;
83;-1,924518575;0,076647147;-3,774071269;1;;;;;
84;-1,928859775;0,079483875;-3,557011259;1;;;;;
85;-2,119655261;0,082189276;5,982763061;1;;;;;
86;-2,05800057;0,079012919;2,900028511;1;;;;;
87;-1,938015605;0,068855886;-3,099219726;1;;;;;
88;-2,041098642;0,078591639;2,054932103;1;;;;;
89;-2,176152023;0,083350412;8,807601157;0;;;;;
90;-2,101387065;0,077865336;5,069353249;1;;;;;
91;-2,102611525;0,077348376;5,130576227;1;;;;;
92;-2,010863677;0,077316648;0,543183855;1;;;;;
93;-2,204160832;0,082377443;10,2080416;0;;;;;
94;-1,92466668;0,073276924;-3,766665984;1;;;;;
95;-2,090978256;0,081806438;4,5489128;1;;;;;
96;-1,988007066;0,075938964;-0,599646701;1;;;;;
97;-2,004862918;0,079280304;0,243145876;1;;;;;
98;-2,028811382;0,079649352;1,44056909;1;;;;;
99;-2,043466637;0,076657199;2,173331857;1;;;;;
100;-2,009447113;0,078525529;0,472355633;1;;;;;
101;-1,981402891;0,072866249;-0,929855472;1;;;;;
102;-1,931400165;0,076129771;-3,429991746;1;;;;;
103;-1,970603109;0,072614372;-1,469844554;1;;;;;
104;-1,903075961;0,08578042;-4,846201971;1;;;;;
105;-1,912125604;0,079895115;-4,393719818;1;;;;;
106;-1,924551315;0,081083406;-3,772434244;1;;;;;
107;-2,037423679;0,07751439;1,87118396;1;;;;;
108;-1,97098229;0,080745786;-1,450885491;1;;;;;
109;-1,957997601;0,08435968;-2,100119971;1;;;;;
110;-2,160198076;0,082827076;8,009903777;0;;;;;
111;-1,976602354;0,078319725;-1,169882323;1;;;;;
112;-2,115525358;0,0770065;5,776267923;1;;;;;
113;-1,963656205;0,074737424;-1,817189743;1;;;;;
114;-1,933639234;0,08664566;-3,318038312;1;;;;;
115;-2,078525396;0,078233645;3,926269779;1;;;;;
116;-2,021704916;0,092821504;1,085245812;1;;;;;
117;-1,980205412;0,079136528;-0,989729376;1;;;;;
118;-2,033684452;0,077501786;1,68422258;1;;;;;
119;-1,902734916;0,081656443;-4,86325418;1;;;;;
120;-1,886468264;0,070052975;-5,676586812;1;;;;;
121;-2,116432486;0,086035656;5,821624304;1;;;;;
122;-2,047062509;0,083041622;2,353125434;1;;;;;
123;-1,848928089;0,084179639;-7,55359556;1;;;;;
124;-2,058101171;0,074555037;2,905058562;1;;;;;
125;-2,040647041;0,078402407;2,032352061;1;;;;;
126;-1,883996624;0,071676471;-5,800168808;1;;;;;
127;-2,040113389;0,07800786;2,00566943;1;;;;;
128;-1,949866885;0,082574179;-2,506655752;1;;;;;
129;-1,996161696;0,084146055;-0,191915188;1;;;;;
130;-1,972266204;0,07915219;-1,386689794;1;;;;;
131;-2,021045938;0,074919372;1,052296896;1;;;;;
132;-1,883615494;0,077194302;-5,819225286;1;;;;;
133;-2,09843833;0,084381741;4,921916503;1;;;;;
134;-1,969978174;0,077443601;-1,501091289;1;;;;;
135;-1,993459035;0,073746461;-0,327048275;1;;;;;
136;-1,97260891;0,077788567;-1,369554479;1;;;;;
137;-1,974482353;0,08213041;-1,275882332;1;;;;;
138;-1,975495073;0,080195906;-1,225246356;1;;;;;
139;-2,041746363;0,074533437;2,087318161;1;;;;;
140;-2,062605999;0,085571892;3,130299939;1;;;;;
141;-2,012994659;0,079290717;0,649732942;1;;;;;
142;-2,064302525;0,078905712;3,215126227;1;;;;;
143;-2,061364213;0,080487455;3,068210674;1;;;;;
144;-1,952195334;0,076203541;-2,390233319;1;;;;;
145;-1,867726757;0,079244347;-6,613662142;1;;;;;
146;-1,98906942;0,07612959;-0,546528977;1;;;;;
147;-2,084263423;0,086060947;4,213171162;1;;;;;
148;-2,114119294;0,079507196;5,705964684;1;;;;;
149;-2,062673766;0,078485877;3,133688316;1;;;;;
150;-1,989825743;0,078081053;-0,508712855;1;;;;;
151;-1,929934658;0,082314628;-3,503267119;1;;;;;
152;-1,850601847;0,080225364;-7,469907661;1;;;;;
153;-2,067717811;0,074693886;3,385890553;1;;;;;
154;-1,996350192;0,076099068;-0,182490387;1;;;;;
155;-2,051999382;0,082859721;2,599969082;1;;;;;
156;-1,992318863;0,076500924;-0,384056856;1;;;;;
157;-1,902090359;0,082092035;-4,895482047;1;;;;;
158;-1,969510536;0,076937087;-1,524473176;1;;;;;
159;-2,02846544;0,074055884;1,423272003;1;;;;;
160;-1,892859356;0,081802692;-5,357032206;1;;;;;
161;-2,045190587;0,078823864;2,259529358;1;;;;;
162;-1,892199227;0,070965214;-5,390038667;1;;;;;
163;-1,950511531;0,080033713;-2,474423473;1;;;;;
164;-1,956132463;0,0782471;-2,193376836;1;;;;;
165;-1,990766999;0,079177344;-0,461650071;1;;;;;
166;-1,941646769;0,073891576;-2,917661529;1;;;;;
167;-1,935784025;0,07486096;-3,210798775;1;;;;;
168;-2,002984033;0,080363492;0,149201675;1;;;;;
169;-1,927354097;0,080836538;-3,63229516;1;;;;;
170;-2,106168737;0,08582935;5,308436872;1;;;;;
171;-2,031109194;0,087513818;1,555459695;1;;;;;
172;-1,921633908;0,077410602;-3,918304589;1;;;;;
173;-1,965615613;0,079901291;-1,71921937;1;;;;;
174;-2,002027685;0,072775965;0,101384266;1;;;;;
175;-2,080211484;0,07419554;4,010574215;1;;;;;
176;-1,963840965;0,081552132;-1,80795177;1;;;;;
177;-2,006512969;0,069640669;0,325648439;1;;;;;
178;-1,962341191;0,074637949;-1,882940444;1;;;;;
179;-1,978106277;0,076763044;-1,094686145;1;;;;;
180;-1,905992211;0,079638268;-4,700389446;1;;;;;
181;-2,001121518;0,084584959;0,056075897;1;;;;;
182;-1,887938592;0,075822928;-5,603070401;1;;;;;
183;-2,00230553;0,076416596;0,115276487;1;;;;;
184;-2,03320047;0,076992975;1,660023518;1;;;;;
185;-2,010488543;0,07586549;0,524427168;1;;;;;
186;-1,960554452;0,074418989;-1,972277404;1;;;;;
187;-1,993440027;0,073618597;-0,327998654;1;;;;;
188;-1,882228977;0,083419085;-5,888551157;1;;;;;
189;-2,044435498;0,0730894;2,221774916;1;;;;;
190;-2,009726488;0,075466892;0,486324389;1;;;;;
191;-2,022561139;0,079423432;1,128056972;1;;;;;
192;-1,997480433;0,084502147;-0,125978367;1;;;;;
193;-1,985039441;0,085679971;-0,748027937;1;;;;;
194;-1,897072183;0,0881605;-5,14639086;1;;;;;
195;-1,95917358;0,076148011;-2,041321017;1;;;;;
196;-2,061416501;0,085993475;3,070825066;1;;;;;
197;-2,013024042;0,073683638;0,651202119;1;;;;;
198;-2,013987284;0,078116831;0,699364179;1;;;;;
199;-2,052736393;0,0855092;2,636819646;1;;;;;
200;-2,074543477;0,073169949;3,727173871;1;;;;;
201;-2,052192374;0,082138055;2,609618678;1;;;;;
202;-1,964927311;0,073926331;-1,753634462;1;;;;;
203;-1,984047502;0,069167071;-0,797624877;1;;;;;
204;-2,01728878;0,081022185;0,864438985;1;;;;;
205;-1,968107278;0,081816176;-1,594636086;1;;;;;
206;-1,917651989;0,076849982;-4,117400541;1;;;;;
207;-1,825552626;0,082740479;-8,722368708;0;;;;;
208;-2,030662558;0,07563365;1,533127899;1;;;;;
209;-1,83120611;0,080372409;-8,439694479;0;;;;;
210;-2,045386593;0,08000655;2,269329632;1;;;;;
211;-1,951827065;0,073622907;-2,408646732;1;;;;;
212;-2,002697812;0,073553216;0,134890592;1;;;;;
213;-1,977931389;0,083545231;-1,103430537;1;;;;;
214;-2,091193072;0,073777324;4,559653618;1;;;;;
215;-1,950089913;0,076816591;-2,495504325;1;;;;;
216;-2,050087776;0,077247973;2,5043888;1;;;;;
217;-2,152846703;0,088278077;7,642335139;1;;;;;
218;-2,025173415;0,078479218;1,258670746;1;;;;;
219;-1,916896647;0,075191595;-4,155167651;1;;;;;
220;-1,874823152;0,077073897;-6,258842381;1;;;;;
221;-1,911140649;0,072979186;-4,442967542;1;;;;;
222;-1,835224104;0,081161553;-8,238794801;0;;;;;
223;-1,82875591;0,079790199;-8,562204514;0;;;;;
224;-2,014064021;0,070760929;0,70320104;1;;;;;
225;-2,068825434;0,074749587;3,441271699;1;;;;;
226;-2,081202632;0,081019596;4,060131594;1;;;;;
227;-1,956240202;0,076287182;-2,187989881;1;;;;;
228;-2,061168222;0,078636521;3,058411114;1;;;;;
229;-1,982703953;0,07991657;-0,864802339;1;;;;;
230;-2,008847747;0,07994692;0,442387347;1;;;;;
231;-2,045925145;0,084749697;2,296257265;1;;;;;
232;-2,060098581;0,08158759;3,004929034;1;;;;;
233;-1,963041614;0,07676165;-1,847919281;1;;;;;
234;-2,028638842;0,073858592;1,43194212;1;;;;;
235;-1,956063651;0,077545535;-2,196817447;1;;;;;
236;-1,959875773;0,077674828;-2,006211356;1;;;;;
237;-1,948186886;0,074504726;-2,590655699;1;;;;;
238;-1,939039819;0,078255645;-3,048009054;1;;;;;
239;-1,919216225;0,076703478;-4,039188756;1;;;;;
240;-1,969798367;0,078124824;-1,510081649;1;;;;;
241;-2,028225621;0,072625335;1,411281045;1;;;;;
242;-2,128870917;0,08451963;6,443545861;1;;;;;
243;-1,990448205;0,086632099;-0,477589768;1;;;;;
244;-2,011426627;0,074105494;0,571331372;1;;;;;
245;-1,900566337;0,072960489;-4,971683163;1;;;;;
246;-1,989989641;0,082305742;-0,500517938;1;;;;;
247;-1,876692264;0,084312565;-6,165386802;1;;;;;
248;-1,958861892;0,075926831;-2,056905393;1;;;;;
249;-2,17939338;0,079266819;8,969669009;0;;;;;
250;-2,001082084;0,074308991;0,054104197;1;;;;;
251;-2,069007141;0,079799326;3,450357056;1;;;;;
252;-2,021546901;0,084123457;1,077345042;1;;;;;
253;-2,01012528;0,068843238;0,506264024;1;;;;;
254;-2,166844595;0,080499783;8,342229758;0;;;;;
255;-2,11765375;0,084009455;5,882687503;1;;;;;
256;-2,023208144;0,077736613;1,160407181;1;;;;;
257;-1,854175833;0,07626518;-7,291208328;1;;;;;
258;-2,084489501;0,07846803;4,224475045;1;;;;;
259;-2,016386163;0,078934594;0,819308134;1;;;;;
260;-2,024469675;0,082690677;1,223483761;1;;;;;
261;-2,122014506;0,081383353;6,100725307;1;;;;;
262;-2,036043775;0,076195763;1,802188743;1;;;;;
263;-1,982002965;0,071951277;-0,89985175;1;;;;;
264;-2,070192118;0,085696172;3,509605925;1;;;;;
265;-1,898954149;0,078372298;-5,052292574;1;;;;;
266;-2,035996489;0,080151853;1,799824451;1;;;;;
267;-2,010703033;0,074742226;0,535151636;1;;;;;
268;-2,020510692;0,074749063;1,02553462;1;;;;;
269;-2,126019955;0,081342021;6,300997767;1;;;;;
270;-2,011404827;0,081981506;0,570241343;1;;;;;
271;-1,923393314;0,085294832;-3,830334308;1;;;;;
272;-1,962697074;0,073108676;-1,865146324;1;;;;;
273;-1,84751394;0,079379447;-7,624302982;1;;;;;
274;-1,988017847;0,074138444;-0,599107673;1;;;;;
275;-2,047608773;0,084289143;2,380438642;1;;;;;
276;-2,00102275;0,080202082;0,051137496;1;;;;;
277;-2,013291847;0,080250522;0,664592349;1;;;;;
278;-2,026880519;0,076686258;1,344025933;1;;;;;
279;-2,175046483;0,082024554;8,752324172;0;;;;;
280;-2,017456367;0,066560412;0,872818353;1;;;;;
281;-2,050028761;0,073551094;2,501438047;1;;;;;
282;-1,789742886;0,073673416;-10,5128557;0;;;;;
283;-2,11289141;0,075376253;5,644570514;1;;;;;
284;-1,964334611;0,083936104;-1,783269445;1;;;;;
285;-2,027484387;0,076421381;1,374219335;1;;;;;
286;-1,943459245;0,074128819;-2,827037744;1;;;;;
287;-2,017567221;0,073265823;0,878361056;1;;;;;
288;-1,896233443;0,081047046;-5,188327855;1;;;;;
289;-1,929977639;0,078260708;-3,501118069;1;;;;;
290;-2,073908534;0,092915806;3,695426678;1;;;;;
291;-1,957563982;0,084056305;-2,121800898;1;;;;;
292;-2,004530824;0,07886677;0,226541202;1;;;;;
293;-1,966322615;0,080196054;-1,683869232;1;;;;;
294;-1,915506107;0,084965316;-4,22469467;1;;;;;
295;-2,004439378;0,076829821;0,221968881;1;;;;;
296;-1,963076683;0,069914148;-1,846165834;1;;;;;
297;-2,114777966;0,071859001;5,738898294;1;;;;;
298;-2,014784725;0,072349913;0,739236234;1;;;;;
299;-1,931168114;0,081551516;-3,441594279;1;;;;;
300;-2,064987793;0,081810539;3,249389668;1;;;;;
301;-1,986050231;0,083817685;-0,697488428;1;;;;;
302;-2,011488693;0,073591244;0,574434658;1;;;;;
303;-2,084355213;0,07651017;4,217760639;1;;;;;
304;-2,095628481;0,090148855;4,781424031;1;;;;;
305;-2,071298454;0,077843426;3,564922711;1;;;;;
306;-1,893449927;0,069789718;-5,327503633;1;;;;;
307;-2,009040897;0,07513387;0,452044851;1;;;;;
308;-2,062502931;0,078167614;3,125146541;1;;;;;
309;-1,888383393;0,074865963;-5,580830345;1;;;;;
310;-1,946650815;0,071284936;-2,667459239;1;;;;;
311;-1,940146338;0,086765921;-2,992683079;1;;;;;
312;-2,070052349;0,077861576;3,502617445;1;;;;;
313;-1,949222924;0,077073988;-2,538853791;1;;;;;
314;-2,019202531;0,075921318;0,960126558;1;;;;;
315;-2,011776365;0,075096691;0,588818247;1;;;;;
316;-1,963049835;0,067295603;-1,847508253;1;;;;;
317;-2,006017779;0,080360493;0,300888934;1;;;;;
318;-2,0283251;0,082568282;1,416254978;1;;;;;
319;-1,988465962;0,07895709;-0,576701895;1;;;;;
320;-2,02777439;0,080533273;1,388719505;1;;;;;
321;-2,026167265;0,075064057;1,30836327;1;;;;;
322;-2,083530454;0,080672045;4,1765227;1;;;;;
323;-2,020884201;0,080980583;1,044210052;1;;;;;
324;-1,919392357;0,079302294;-4,030382138;1;;;;;
325;-2,051852213;0,078544899;2,592610626;1;;;;;
326;-1,996023289;0,07873231;-0,198835545;1;;;;;
327;-1,864875579;0,072723428;-6,756221062;1;;;;;
328;-1,949598086;0,069977053;-2,520095697;1;;;;;
329;-2,15818621;0,077509226;7,909310479;0;;;;;
330;-1,902417564;0,072040174;-4,879121786;1;;;;;
331;-2,075323464;0,079779643;3,766173216;1;;;;;
332;-1,890591258;0,082114897;-5,470437102;1;;;;;
333;-2,043904054;0,074427387;2,195202685;1;;;;;
334;-2,023518446;0,080065158;1,175922303;1;;;;;
335;-2,06194314;0,077782572;3,097156977;1;;;;;
336;-2,053670784;0,079294175;2,683539194;1;;;;;
337;-2,081977882;0,0749941;4,098894116;1;;;;;
338;-1,923686197;0,074775909;-3,81569015;1;;;;;
339;-2,06718783;0,076516487;3,359391489;1;;;;;
340;-2,105535965;0,077800604;5,276798245;1;;;;;
341;-2,081284377;0,083899585;4,064218846;1;;;;;
342;-2,035287186;0,077044025;1,764359324;1;;;;;
343;-2,021959026;0,086206435;1,097951281;1;;;;;
344;-2,067911403;0,077174754;3,395570151;1;;;;;
345;-1,929040311;0,069316005;-3,547984431;1;;;;;
346;-2,012243301;0,085599752;0,612165068;1;;;;;
347;-1,930516474;0,084979427;-3,474176279;1;;;;;
348;-1,923319279;0,085406644;-3,834036047;1;;;;;
349;-1,917963141;0,082703341;-4,101842951;1;;;;;
350;-2,010627884;0,079117933;0,531394198;1;;;;;
351;-1,898641773;0,071979663;-5,067911329;1;;;;;
352;-1,954778329;0,071841608;-2,26108356;1;;;;;
353;-2,023250156;0,068797999;1,162507785;1;;;;;
354;-1,923743954;0,074325566;-3,812802321;1;;;;;
355;-1,982267898;0,07168626;-0,886605095;1;;;;;
356;-1,839530969;0,076468282;-8,023451537;0;;;;;
357;-2,113546193;0,078288567;5,677309635;1;;;;;
358;-1,996816043;0,080446513;-0,159197852;1;;;;;
359;-1,988797452;0,075044276;-0,560127379;1;;;;;
360;-1,934053381;0,073925764;-3,297330951;1;;;;;
361;-2,038779776;0,076403215;1,93898881;1;;;;;
362;-1,867474731;0,070996715;-6,626263448;1;;;;;
363;-1,951238009;0,08035596;-2,438099575;1;;;;;
364;-2,040350371;0,079998182;2,017518533;1;;;;;
365;-1,993503613;0,078762916;-0,324819347;1;;;;;
366;-1,940128254;0,0699827;-2,993587322;1;;;;;
367;-1,979969989;0,072573687;-1,001500548;1;;;;;
368;-2,066951018;0,080402419;3,347550895;1;;;;;
369;-2,101924576;0,07645642;5,096228775;1;;;;;
370;-1,946055331;0,07410802;-2,697233458;1;;;;;
371;-1,87831683;0,081906371;-6,08415848;1;;;;;
372;-1,908120564;0,081635802;-4,593971786;1;;;;;
373;-2,044196109;0,067418992;2,209805462;1;;;;;
374;-1,910026439;0,069373402;-4,498678046;1;;;;;
375;-2,074085639;0,078757168;3,704281949;1;;;;;
376;-2,166340019;0,078717892;8,317000955;0;;;;;
377;-1,96626916;0,076633213;-1,686542003;1;;;;;
378;-2,029648804;0,087705127;1,482440222;1;;;;;
379;-2,004476295;0,075540055;0,223814732;1;;;;;
380;-1,993319709;0,089835307;-0,334014534;1;;;;;
381;-1,971977951;0,079422492;-1,401102447;1;;;;;
382;-1,957467231;0,077867807;-2,126638434;1;;;;;
383;-1,953300444;0,079860725;-2,334977812;1;;;;;
384;-1,792334418;0,082163588;-10,3832791;0;;;;;
385;-1,9720942;0,069932519;-1,395289999;1;;;;;
386;-1,932801114;0,089405592;-3,359944315;1;;;;;
387;-1,918048619;0,072684832;-4,097569039;1;;;;;
388;-2,07564381;0,079901381;3,782190517;1;;;;;
389;-1,987852302;0,08931151;-0,607384904;1;;;;;
390;-2,019048488;0,076487628;0,952424395;1;;;;;
391;-2,099822486;0,080928444;4,991124305;1;;;;;
392;-1,987236693;0,0729314;-0,638165372;1;;;;;
393;-2,083574604;0,079162216;4,17873021;1;;;;;
394;-2,063090078;0,07624758;3,154503899;1;;;;;
395;-2,150767103;0,090402548;7,538355146;1;;;;;
396;-1,865273258;0,079072396;-6,736337097;1;;;;;
397;-2,001188832;0,07729146;0,059441611;1;;;;;
398;-2,050687605;0,082410357;2,534380268;1;;;;;
399;-2,054746045;0,07243124;2,737302246;1;;;;;
400;-2,000738968;0,070102549;0,036948389;1;;;;;
401;-2,048627197;0,079528902;2,431359867;1;;;;;
402;-1,861288207;0,073707172;-6,93558967;1;;;;;
403;-1,989901682;0,070460061;-0,504915915;1;;;;;
404;-2,194369517;0,075450474;9,71847586;0;;;;;
405;-2,050511576;0,079073492;2,525578792;1;;;;;
406;-1,954092222;0,073846747;-2,295388907;1;;;;;
407;-2,002862488;0,084095494;0,143124408;1;;;;;
408;-1,870208431;0,088722954;-6,48957843;1;;;;;
409;-1,976889237;0,072696285;-1,155538154;1;;;;;
410;-1,918567214;0,083016198;-4,071639325;1;;;;;
411;-2,138253541;0,083520339;6,912677047;1;;;;;
412;-2,083700823;0,084727227;4,18504116;1;;;;;
413;-2,129074221;0,080081391;6,453711069;1;;;;;
414;-2,047433879;0,071586769;2,371693948;1;;;;;
415;-2,001192185;0,082007311;0,059609232;1;;;;;
416;-1,971696613;0,077595398;-1,415169326;1;;;;;
417;-1,940580452;0,076510557;-2,970977381;1;;;;;
418;-1,926330077;0,071034626;-3,683496173;1;;;;;
419;-2,237046938;0,081659339;11,8523469;0;;;;;
420;-1,991186618;0,076571372;-0,440669105;1;;;;;
421;-1,970425218;0,081845255;-1,47873912;1;;;;;
422;-2,052553273;0,078214034;2,627663667;1;;;;;
423;-2,035805294;0,07906573;1,790264682;1;;;;;
424;-1,906133283;0,073528136;-4,693335844;1;;;;;
425;-1,90817912;0,073036343;-4,591044008;1;;;;;
426;-2,016221327;0,079947374;0,811066367;1;;;;;
427;-2,081161782;0,078184779;4,058089121;1;;;;;
428;-1,99459194;0,075903807;-0,270403021;1;;;;;
429;-2,074784664;0,077987467;3,739233223;1;;;;;
430;-1,977381985;0,085110352;-1,130900769;1;;;;;
431;-1,891627072;0,076227085;-5,418646416;1;;;;;
432;-1,954940415;0,078514916;-2,252979243;1;;;;;
433;-2,01482756;0,079532977;0,741378009;1;;;;;
434;-2,068162964;0,076293894;3,408148188;1;;;;;
435;-2,020872415;0,079308734;1,043620735;1;;;;;
436;-1,998958713;0,067623401;-0,052064375;1;;;;;
437;-1,916225722;0,079737995;-4,188713907;1;;;;;
438;-1,973384889;0,076409071;-1,330755546;1;;;;;
439;-1,995304308;0,083483547;-0,234784583;1;;;;;
440;-1,903822232;0,077772237;-4,808888387;1;;;;;
441;-2,090346661;0,087501861;4,517333072;1;;;;;
442;-2,099453295;0,073748658;4,972664761;1;;;;;
443;-2,06142267;0,075641594;3,071133476;1;;;;;
444;-2,035496068;0,081749264;1,7748034;1;;;;;
445;-2,196404524;0,075302602;9,820226199;0;;;;;
446;-1,925025756;0,076441949;-3,748712193;1;;;;;
447;-2,02360142;0,087350805;1,180070981;1;;;;;
448;-2,055703045;0,072570176;2,785152236;1;;;;;
449;-1,950133288;0,081154146;-2,49333562;1;;;;;
450;-1,986917491;0,084465849;-0,654125474;1;;;;;
451;-2,10002465;0,080394541;5,001232485;1;;;;;
452;-1,932037986;0,078956503;-3,398100715;1;;;;;
453;-1,967009329;0,082094968;-1,64953354;1;;;;;
454;-1,858879812;0,074095588;-7,056009384;1;;;;;
455;-1,892311086;0,075455343;-5,384445708;1;;;;;
456;-1,92796756;0,086938611;-3,601622005;1;;;;;
457;-2,148025128;0,080330488;7,40125638;1;;;;;
458;-1,864067527;0,074671004;-6,796623632;1;;;;;
459;-1,895396479;0,077991219;-5,230176056;1;;;;;
460;-2,084043248;0,083668715;4,202162384;1;;;;;
461;-1,844418018;0,082538619;-7,779099105;1;;;;;
462;-1,989865245;0,07321206;-0,506737727;1;;;;;
463;-2,165264431;0,071246852;8,263221562;0;;;;;
464;-1,874760087;0,072594229;-6,261995675;1;;;;;
465;-2,061785673;0,072398751;3,08928364;1;;;;;
466;-2,029825873;0,077735763;1,491293669;1;;;;;
467;-1,902086497;0,076550816;-4,895675157;1;;;;;
468;-1,996977182;0,081463865;-0,151140908;1;;;;;
469;-1,963003737;0,078163514;-1,849813148;1;;;;;
470;-2,1277197;0,078653351;6,385985014;1;;;;;
471;-1,934736502;0,074434762;-3,263174897;1;;;;;
472;-1,838762254;0,082758368;-8,061887308;1;;;;;
473;-1,997676318;0,073498101;-0,116184123;1;;;;;
474;-2,014717052;0,082379743;0,735852617;1;;;;;
475;-1,992070261;0,076654961;-0,396486945;1;;;;;
476;-1,97835728;0,072332056;-1,082136008;1;;;;;
477;-1,969960127;0,083051668;-1,501993653;1;;;;;
478;-2,099245542;0,086445011;4,962277103;1;;;;;
479;-1,982221101;0,079134938;-0,88894494;1;;;;;
480;-2,029215652;0,081016377;1,460782589;1;;;;;
481;-1,819559044;0,087509842;-9,022047794;0;;;;;
482;-1,914703797;0,069813934;-4,264810154;1;;;;;
483;-1,93123792;0,076768191;-3,438104002;1;;;;;
484;-1,924399347;0,081635456;-3,780032662;1;;;;;
485;-1,97746434;0,080755743;-1,126782976;1;;;;;
486;-2,025257697;0,078964856;1,262884864;1;;;;;
487;-1,995876801;0,070991806;-0,206159965;1;;;;;
488;-2,061933524;0,079057629;3,09667619;1;;;;;
489;-2,064938118;0,075379688;3,246905878;1;;;;;
490;-2,019582826;0,079747335;0,979141324;1;;;;;
491;-2,071907135;0,080116889;3,595356742;1;;;;;
492;-1,951784992;0,085878262;-2,410750404;1;;;;;
493;-2,042809647;0,078098305;2,140482358;1;;;;;
494;-1,883057481;0,076817327;-5,847125954;1;;;;;
495;-2,009785126;0,081463878;0,489256323;1;;;;;
496;-1,924840021;0,088012346;-3,757998949;1;;;;;
497;-1,904883465;0,086257823;-4,755826735;1;;;;;
498;-2,046020723;0,081192061;2,301036128;1;;;;;
499;-1,815385909;0,067180903;-9,230704526;0;;;;;
500;-2,04281417;0,086725635;2,140708506;1;;;;;
