"";"alpha";"beta";"lambda";"lp"
"1";760,797685794697;792,832958209096;863,427609208525;853,024781225507
"2";931,803378796257;1009,75635306974;1241,91852459176;702,451159906243
"3";827,416684477928;872,244806169497;1118,21788228872;844,23276325262
"4";842,222723973481;763,891375164394;1005,13194711712;1011,10251726816
"5";1244,29125404021;1186,66761640188;1334,14475152506;1206,10506221308
"6";1044,7001498924;1017,90269308312;1203,530280651;1166,16515526438
"7";903,799147493029;886,902666827728;980,741233040309;996,415875447685
"8";1016,11754698685;938,201802551887;1017,02116242447;1122,25254032356
"9";684,438984624374;845,703162782776;1160,70161714922;762,31040210907
"10";925,806694986849;909,214717007517;986,562555880257;1056,45020642669
"11";875,326344807697;983,035988759807;1180,43496323035;756,866203064043
"12";855,514056340439;751,496915944249;676,439170742205;973,783700000856
"13";1094,31178750121;1069,8985092642;1206,81295519679;1160,41656884772
"14";740,160986087633;815,89331293955;1038,46181172462;662,600963646531
"15";1141,80843744035;1067,60745755872;1253,08817280941;1121,47739730785
"16";1084,628136637;1010,35032778309;1138,62976557613;1279,13160456183
"17";847,071288741993;887,967239544907;1030,87217950096;841,417071842288
"18";729,482584106465;782,094336167988;942,346345887859;1167,2091568875
"19";545,141763751906;583,045375683885;704,595457265823;639,389868615025
"20";1011,36729642814;928,886798512284;1036,22730681304;1213,23486584564
"21";1409,98431027069;1240,60828510227;1388,72636905471;1392,06432165397
"22";1078,26895845656;1016,95548781468;1267,54198065088;849,770055864806
"23";782,100067305639;832,706371116363;945,573056775958;806,062729172677
"24";1085,80672168766;930,403108099249;1069,44009648112;1256,94431908478
"25";1194,64904393258;1006,7477459197;1100,19279347601;954,984529226455
"26";1194,05166156555;1092,4854480942;1254,78662802505;1292,27297040418
"27";1240,49156227753;1145,92704226662;1285,03344780513;1195,63367348369
"28";1004,51977193446;975,740830148779;1069,64965564125;1079,03467065183
"29";1118,49756855849;1089,60874083269;1251,71363603209;1154,46812378276
"30";1025,46676899365;974,522715484952;1030,9229177701;979,485098705897
"31";845,945887674194;891,527097136883;1023,30391864143;868,669543608585
"32";848,772592994971;891,103025785969;1077,1394457675;857,600260278754
"33";868,507227700929;940,082137355988;1147,63630709022;731,165398349172
"34";425,623266636389;510,066292769748;726,176828716823;407,054820793784
"35";886,460787449242;829,327733072425;950,075938147197;949,202481532734
"36";1378,72077593627;1153,78350783396;1281,06060243102;1239,30301919748
"37";1136,27167437136;1023,49239524135;1208,32565852818;1024,7296250661
"38";1430,33411305457;1148,66500906414;1216,09449169935;1490,22394656671
"39";992,434724565835;1017,40575241341;1176,79281039887;1003,87072965
"40";857,70738937903;951,42453617708;1262,932917563;655,541758864547
"41";794,418502694748;760,613021169263;865,443574540105;1034,64854963542
"42";901,56315791021;1026,57252931776;1304,98944370233;672,427749907407
"43";1207,36121641491;966,176776316256;1002,71813885626;1179,68016716762
"44";1110,59382855146;1034,43468864642;1175,42046687934;1038,35803924595
"45";611,232150952048;711,43311563769;876,371459286069;666,565618899094
"46";806,700464903507;808,697200372562;969,574926269639;892,35654573624
"47";1702,35175358183;1233,42190840601;1392,9329539848;1324,50276607086
"48";1074,11627763914;829,710218870777;904,068062480526;1431,18754357386
"49";1234,45333555449;1278,91553607121;1570,78887235271;1064,88942494648
"50";961,916919128895;873,522887252164;963,666797750427;1243,03207633196
"51";872,457013557301;864,282329106102;1027,34028431549;679,635239098192
"52";808,131140215077;967,389421521311;1287,30990837368;760,661339531533
"53";533,858579699182;652,357417384404;872,774655933592;587,699056411045
"54";1083,55093542208;1005,02272826113;1147,01605482133;982,066524616818
"55";990,289701362368;975,39945507553;1113,78437055864;849,26912063718
"56";948,27697996128;859,913271357291;946,321873154968;953,010371948981
"57";1039,63217597041;1095,62599951715;1289,9162338806;1229,88622776902
"58";770,396244971394;848,996988351345;1037,20365251668;780,216065394822
"59";963,567267806609;997,690846043328;1127,87641613867;1044,89002908069
"60";915,381473214362;833,013950000202;924,567012212386;1187,83352306293
"61";838,255102927202;934,497863187038;1163,16002516336;756,275518444819
"62";1182,17517138088;1102,80798987787;1256,07640651938;1184,33773441821
"63";720,644650568129;777,4028057127;965,264327199487;637,636389470203
"64";1022,95558679484;937,98444720226;1061,26788217432;1181,66857399823
"65";571,977384220066;656,211029224723;834,284415238081;699,779660493526
"66";1141,00779254805;1040,09272579128;1189,31026203505;991,845906400349
"67";823,812535821953;857,496835367114;1084,50567599908;835,470566343777
"68";845,48692244199;937,782437571601;1154,88632816409;928,61473121596
"69";542,344999691074;668,990590416087;861,193125313635;481,80752731116
"70";1014,41189002779;940,466996567986;1049,52480296877;1106,62118612565
"71";1244,02873798783;1019,75441485883;1165,1000537434;985,876865363293
"72";719,401506660475;826,253027175592;1095,59195810695;630,147282205995
"73";864,753216925366;771,341517238989;834,912866615836;690,598922898415
"74";1213,96871334592;934,693638036703;1044,78137730556;1319,79209689029
"75";767,934200633583;764,857562618104;899,741419211447;949,460468579295
"76";790,650500007623;855,537919325527;993,150788900781;843,206967725191
"77";936,473992577171;943,575654227678;1068,01406812517;759,950096231735
"78";674,005047463776;730,399208360957;882,372257603968;766,338260671474
"79";629,744992563054;756,047330920223;950,483630067168;624,80925508378
"80";749,156064521694;716,745833033609;833,248607735268;597,660421880376
"81";877,046758624771;866,29741046085;987,1545933667;989,037395068023
"82";1272,79318505184;1301,35605652032;1487,03374049763;1455,08199538478
"83";521,195442862205;679,611223153785;947,777966130764;569,370798692032
"84";1095,49290502319;950,703068310011;1024,04829446679;878,128564185927
"85";652,216013421649;831,816926836587;1252,4773967499;688,168299445046
"86";904,950798435461;890,582855660031;1160,77530388491;785,532372337889
"87";492,884374002009;594,096573270009;896,233991190053;354,203360096036
"88";704,561956082583;825,114160027252;1010,78395148058;747,017047824554
"89";1146,6058008794;1039,00431375641;1224,79800349583;1245,48666223785
"90";1314,1697265564;1105,74835540858;1193,00482422245;1180,63443108718
"91";1094,79070756837;1081,79843275283;1241,85949121741;1068,10634182395
"92";1130,58891156471;982,46940075477;1044,4243796561;831,070239719556
"93";874,046415344936;833,542475080495;934,446870323634;1020,87042491236
"94";1355,40904254778;1180,53826219825;1281,28950731704;1428,99654499447
"95";716,048538990158;774,841168370603;1002,08904435542;697,897287799145
"96";962,940462583647;928,682602530871;1012,44927803229;912,725613857514
"97";1000,95083620253;959,935897074619;1145,25786797714;1011,47777631091
"98";785,262798615988;713,323204846053;762,329044646783;1288,49225588047
"99";1180,82564526998;1000,22801650765;1127,86190139202;993,761047767874
"100";1103,32018119075;1149,84660055499;1335,30834005657;918,81737441254
"101";921,166504371718;908,898604507286;1042,78018567367;1015,74724254167
"102";743,02973411689;818,980726252877;976,386505654835;730,23030054943
"103";988,774413185813;960,189587700787;1089,63020491593;758,648685227081
"104";1053,06924975533;978,558122576528;1068,36330065981;927,218375987637
"105";1065,14716859812;883,976012938769;1017,87932024569;1234,3340435017
"106";1046,6904744117;1101,21131494525;1280,10237644478;1356,56413327027
"107";749,749590875951;814,279859465984;1011,69180304156;736,895851266568
"108";1489,20286678626;1318,50196941361;1473,57034358552;1285,74300761493
"109";810,309904029456;858,994442577115;1002,30572480513;885,741335795159
"110";1575,63720641678;1319,58821456364;1450,61833935515;1243,0363311589
"111";1078,23109608572;1148,1645158118;1364,8551318723;982,736183033489
"112";922,721387539295;778,985615771385;862,59081915304;1418,1990744289
"113";1056,12652714079;1071,74257439163;1247,29004352971;1069,42483037148
"114";1042,94596949273;940,256697872349;1064,84695940681;1044,18991903345
"115";941,725412061457;822,91054173945;971,591643385835;1055,53411397884
"116";598,06786996351;688,926934295942;935,703295617168;534,110888499492
"117";803,192980632085;832,884504387136;934,254826719643;1044,84125626189
"118";763,18528326247;865,555487957007;1079,75068677495;876,248758678175
"119";1230,84451006008;878,20321878729;1018,05295293226;1505,79657110777
"120";1061,8078567878;968,428671028086;1059,77724252769;1017,47818485481
"121";850,758775680011;822,280703339988;945,230747459852;868,9242059326
"122";731,967876474102;861,450998783405;1112,62736879035;759,531857797843
"123";994,682570778319;859,44708909176;944,457536868852;1540,80076941631
"124";842,03768080786;824,706495582094;909,650159143372;1324,76459348114
"125";727,128004984788;749,198008703003;869,307341119155;913,870299875183
"126";1295,11952298386;1149,22272031444;1236,62257414473;1270,60644532788
"127";1224,59765743507;999,535509951611;1106,68439568966;1143,08438212452
"128";918,128631596999;902,875870258337;1034,94093134741;868,884379344459
"129";817,097487381924;926,177614369839;1201,88812854263;791,672303536473
"130";468,847543946698;569,078947825256;738,237659093235;579,554030748036
"131";1071,33368932444;1023,42280845783;1175,9194973828;1289,21503532351
"132";753,5434294015;775,628591496494;915,135537984645;739,453738752266
"133";864,980326834129;924,979441970726;1058,82232394191;981,926395118289
"134";837,615455369456;837,156871650917;1012,40382629679;923,899090637739
"135";635,71945807283;666,84979882023;807,058194326526;805,324341351046
"136";1015,19169499719;1077,00946358805;1323,52664206399;942,814938886385
"137";1028,59490679584;913,876322332833;999,581433931716;870,362768183205
"138";576,91493976972;687,41718954093;876,287518726973;821,165994902707
"139";1116,39881838243;1072,91099974462;1010,55300971962;958,24885388971
"140";522,332341443405;748,146592455209;1065,76694767586;492,129933102617
"141";960,408826780347;871,51000172909;943,688118405143;1214,50842497667
"142";592,135340999664;723,958350086745;949,811924179353;668,892854612967
"143";830,541459319343;900,000376308768;1030,46434815188;738,894885097892
"144";758,118156319364;649,270778752672;677,426966816554;1021,42760092248
"145";666,488393152708;683,704381037363;809,461808042912;896,759958282693
"146";1069,30728285208;974,523458547598;1100,65662025905;1193,5939226263
"147";896,278901477986;905,367090925476;1017,49639529265;953,004555697717
"148";886,432293466327;847,031869149144;934,304207401531;1170,34778858924
"149";1036,56068760938;964,048778721792;1154,19354506174;985,721478671917
"150";1018,27749425754;902,790867438012;976,207173989989;1165,55785621168
"151";967,689529534192;813,902269198913;877,852844622274;1184,08617251572
"152";1073,24498150775;975,526026544873;1129,97254524631;872,107797547017
"153";526,400323642193;630,084650881375;822,994900600628;540,225344017509
"154";978,631619688938;928,517875925552;1070,47793333745;1026,0839660456
"155";532,256833455273;615,958075868358;853,135131101639;489,515674211826
"156";653,882331694995;670,197260550592;823,126793627167;678,812925071121
"157";1564,72821355605;1280,33633412204;1403,55229197315;1346,45951979568
"158";585,708008106983;624,743399410198;702,180489676867;965,588964107801
"159";922,733925277719;758,62024453456;801,675773373879;1330,27346657167
"160";1043,9482338953;1066,63496932018;1311,21246509027;810,945842702634
"161";636,468421758562;792,633994498472;1090,27638121025;761,786528464179
"162";856,493270741541;849,388248340637;977,3315334147;1125,76430561266
"163";923,846318412475;931,344541473509;1061,0220026587;796,684187698001
"164";1059,56261187719;941,892697445163;1144,11063807429;1036,02740819706
"165";763,973533081401;850,931544681244;1027,91417875136;761,466821242135
"166";1132,74700284128;1024,49898747955;1203,28355022104;1154,06573670644
"167";725,333061840577;740,214751497898;866,033852879823;915,715955395234
"168";700,113911196116;799,887416218093;1027,73085493147;771,622311381861
"169";1115,51470301541;1122,95973228903;1287,27248323317;1110,06117172376
"170";966,225970987669;992,961245937493;1099,75726228341;965,908964523637
"171";774,742225443835;847,707616968099;1056,48778528537;1040,60390743421
"172";963,441637765847;865,95080717598;941,546393572123;1083,26149495604
"173";574,933032978264;695,849041343468;922,453320745069;584,054545969545
"174";1082,87391904819;956,221587988275;1019,30925106073;1102,73125101661
"175";895,569337665587;968,333481745428;1136,72306630266;784,586351715781
"176";860,808089742411;884,127138899321;1016,94753970482;1042,81974934253
"177";1186,22081448758;1139,69096015798;1296,81082761513;1196,90952485083
"178";1253,98613897838;1043,05063548126;1142,04588814523;1083,43223397102
"179";1208,11205513599;1088,07055040662;1222,91626058275;1369,47654166835
"180";1120,01851331966;1041,14098822307;1161,98927885566;1067,78416662781
"181";632,685137067779;486,595242546944;478,351061928001;834,710842983658
"182";1193,51117831955;1041,79605426736;1141,29409416645;1224,71106669798
"183";1099,0353873315;901,188686236422;962,00019679853;982,903919326742
"184";928,670816802244;882,975793654154;959,151899906894;822,418052601832
"185";979,366852608915;931,429941600036;1014,75855886587;968,354667768642
"186";624,614481143907;699,008561235025;862,464657720003;635,510547766328
"187";977,427053203709;1055,12196571822;1318,75962471335;1086,38230371672
"188";1094,5445817194;907,330821533069;970,704935162891;854,7934709171
"189";988,746539971647;996,433982456155;1136,67305528901;708,272636787339
"190";911,932901021972;944,746378949002;1087,91497712657;879,969468567645
"191";1080,96099448133;999,28036036065;1151,94568949245;1288,84469854569
"192";1521,55707968291;1147,17915371045;1282,10174266282;1089,23418598962
"193";1163,04641452529;979,778189101831;1135,95047168257;1412,2978310246
"194";491,514321685858;621,229948542632;846,470902211963;464,955746048353
"195";733,273762546641;810,047075976166;955,706131493803;787,069755364547
"196";904,686230702774;818,911167913382;944,260636027772;1157,9151903946
"197";848,218463377108;919,661457523541;1048,65160722645;850,509908006429
"198";927,363953736785;877,230503667938;1045,34776310028;824,063666251828
"199";744,921741327991;814,094016780037;917,046785816697;731,830512332125
"200";726,121394010632;836,435349739878;1036,04205071124;782,230853773367
"201";600,272833356171;698,012538264581;950,318219554259;562,938404901557
"202";766,424363359188;783,686931850262;901,669962200871;789,752337953965
"203";1274,55297097491;1070,21225286135;1239,97097791703;1188,49656893407
"204";972,060715500365;1048,41016227401;1355,47847976833;1181,7603633363
"205";723,203972891419;772,219242009276;1011,27850353156;644,549439985919
"206";969,904051200012;978,746690322613;1189,71459928552;1018,12457626651
"207";792,969508605411;807,593582372708;840,61093040132;1117,70189177
"208";890,956947495418;908,727305701657;1110,60910828453;846,772455914235
"209";919,497338405182;962,125843176452;1126,05792904757;1009,24312619346
"210";903,682656123651;900,886177852803;1006,10939723033;910,943503035132
"211";391,745066779456;450,003625308446;613,18301295478;505,558359237603
"212";860,008380332984;787,31845769145;915,303564807216;1025,85540690389
"213";819,03906262629;944,278713920909;1146,63140457398;1013,28640093865
"214";673,95529108466;771,24075019506;935,018455246484;818,269335273244
"215";659,883344293524;752,106784211082;866,489597732935;745,600595340092
"216";888,730344532362;879,965998397505;998,303044394446;1209,8717098696
"217";796,657759500345;827,156286042015;938,324331402667;952,7822852146
"218";970,661013142445;881,676957405804;1053,79463219821;855,056632961176
"219";661,751906152227;770,154840967753;1001,79888050339;686,839447653324
"220";829,612504731185;839,342390320097;1002,5248873131;757,810179708799
"221";1142,74951119105;1125,2412973052;1284,5343664346;1101,31276358424
"222";1227,97450235483;1028,68256332503;1081,64421348936;1173,41098691944
"223";1142,40698997589;930,732057344931;1008,6440225288;1198,65621950434
"224";1237,26881246514;1218,77458107592;1364,49035787651;1211,88399885172
"225";734,736287291355;735,717127157653;861,283947861081;894,672871479196
"226";624,639016368525;702,186931039471;899,688445819621;656,548029901143
"227";789,075296965866;831,91628777715;1012,76260389332;880,532084985914
"228";659,998152460363;739,818349649672;866,952851447673;647,685239495122
"229";1317,2381791019;1125,83973093323;1252,98668384512;1357,28399395348
"230";887,422762881921;835,605867696564;928,54033899874;1159,46604259604
"231";616,499626711535;797,485445805079;1159,79313619411;657,945402977956
"232";895,856787932833;928,260093854523;1105,35947092637;742,310642733144
"233";1088,813154417;1121,53073855859;1246,27901309051;1377,45574743402
"234";979,436893809715;1063,61578327488;1253,75651046089;1107,40228247825
"235";847,030674434831;783,883361030807;864,991520683985;804,059442603661
"236";869,497298339408;871,575563165346;1025,41072620792;930,994296464674
"237";509,243613681641;545,357878342784;626,723602393752;695,903539082391
"238";699,935096655648;699,539287707243;793,962243179197;951,355413745184
"239";1014,99903962828;807,146856106951;947,419793227627;1128,32833363679
"240";1381,04321633124;1055,47385507135;1111,73715247009;1131,85405455201
"241";903,399915034066;805,936314426642;970,628990395284;1033,63609878909
"242";823,389237721603;761,230378099742;857,631939134661;1155,30600857123
"243";1213,45098885249;995,943894619199;1189,83316797911;701,680806415559
"244";896,414102267871;904,831081585751;1002,91961458934;823,644630855106
"245";1138,13545685146;1082,19937693241;1199,88269968659;962,610215240997
"246";943,410298555778;949,188651709712;1030,2884644801;1018,13059756501
"247";599,598557401188;692,46788997793;813,964571492528;691,989145429544
"248";965,305589441483;875,970401125361;958,110958872771;954,159704928381
"249";1378,08513710179;1267,22985595511;1420,70412218627;1160,39601792518
"250";956,881482934633;878,099249908084;996,529313545371;1028,77629155523
"251";1246,94971291276;1025,83451075247;1173,53510129009;1253,46361628659
"252";948,794716451227;976,884698544958;1124,88621404651;914,471431160718
"253";866,750638663505;1064,70887768674;1414,10399217313;995,445009010873
"254";606,904366761521;745,853413433578;921,860646865167;753,329441034401
"255";1104,11630198999;1069,36027120195;1263,57837984183;1195,0105417675
"256";962,803291126501;836,72477556354;972,93805701163;1055,21110994017
"257";990,49228268054;1009,80268831973;1169,72540015601;938,724871926026
"258";1065,79648446409;1036,1990470466;1219,54306786;1070,942702502
"259";1156,96613911202;1103,79859171994;1252,06399609856;1051,20381755885
"260";999,678161025156;921,379956888619;1046,9302205118;1142,55856530422
"261";673,941155483684;703,075291026364;869,554240803254;739,427629025202
"262";914,399240642574;850,709773748928;971,026436922937;849,536650620058
"263";1108,75294137008;995,636445164628;1090,88034109317;1245,28817804092
"264";1040,81575169564;1023,58004075332;1182,66559801469;1005,79143260931
"265";689,910094387043;794,164166449595;1059,4410064768;680,161657255527
"266";936,178689399375;898,516253883106;1056,68765712217;1082,98196515663
"267";659,272825280922;687,370948815568;776,129742310767;898,161341146864
"268";1105,4663323837;988,519534052093;1075,75033368361;1333,92985402353
"269";960,649871830609;943,304833007055;1097,57739238176;1060,48894201149
"270";307,825629414666;339,13744539407;426,226238169517;415,897970260368
"271";1114,917899135;906,718577640255;950,53201763942;1012,55696950193
"272";918,619179955948;931,252728410477;1094,75292476749;547,029182039904
"273";890,953976648522;784,706224514222;879,822251065995;716,530424403592
"274";958,199600843768;952,658604728499;1103,37030601898;940,751596465137
"275";893,330666751149;745,533792905685;850,837565037684;1294,25699897588
"276";796,495198256661;866,199311972376;1045,08440461062;1042,18297417524
"277";905,392708563067;845,003289216417;975,90160681033;791,869580721028
"278";905,088417230429;912,67137577731;1059,36665238557;983,336494363477
"279";476,820407010971;634,957891043284;893,465161665624;499,36502066748
"280";847,622792164839;936,689885891857;1104,52135137476;854,055203017686
"281";861,445272552869;998,271793002509;1154,08284741628;916,041032293311
"282";1298,38706909374;1227,23675535419;1337,14829556801;1198,20176288797
"283";1199,67907075507;941,398672141821;1041,3983108669;1448,78336733562
"284";1243,57154149143;987,891654588546;1093,37668800276;1055,54605452185
"285";1137,65514625609;937,622905728546;1025,67256600416;1159,55359133961
"286";949,487957357037;930,552228321481;1015,25643818749;973,880919128426
"287";958,397458286406;969,625413228716;1103,46829546375;796,016878922283
"288";1051,7425409824;962,977259187992;1032,95538681173;912,05937911059
"289";666,074408577863;821,417847039732;1146,49762539724;651,006301534041
"290";1094,86789402611;1105,65652447558;1249,17577566749;1016,36912322486
"291";1152,25676421448;1002,31668711722;1130,19768796993;1195,96741744482
"292";1117,2055476054;992,324728588449;1081,34171013608;1060,32461334957
"293";634,703043798972;581,091935936691;687,830645156841;1012,58534785741
"294";1056,38426553856;1054,43436606371;1260,44187281295;1009,73721916097
"295";913,837540865475;885,794849264685;977,493613638811;1114,65013132774
"296";1047,76663954057;971,456439827981;1122,66734318415;1032,64814355846
"297";799,692098817519;812,219516171709;926,662630383481;1053,53801262538
"298";365,803607422903;611,90297865069;852,039416049067;548,321372659338
"299";1145,34032955062;995,79022034686;1088,67325567673;1254,13125642713
"300";1227,0785679146;1054,9361245797;1185,0954949647;1222,75370391404
"301";1153,86549016846;952,785358880608;1114,30382026509;1064,73048747154
"302";1023,52966730148;964,826169746276;1082,33938895914;1250,86567847816
"303";872,713914442414;1039,85536482445;1364,83616657556;1012,92355969171
"304";1491,47220324417;1356,77333134937;1531,76301011324;1125,68875594948
"305";860,409253509428;907,867811690981;1083,18353724799;826,031870587929
"306";770,098170921087;831,927493622398;961,049959287476;977,423702043516
"307";1301,89684578401;1146,62121767356;1330,84364598336;1312,46526846541
"308";998,277554692326;922,980243471177;987,069515899406;1142,73327635724
"309";857,150816364293;736,281838759494;791,99762607791;1183,31648587057
"310";939,263064886306;912,439524897766;1045,84133213477;1078,46641210773
"311";798,109837659078;822,388743709376;924,646729317038;808,391185219498
"312";693,370154195342;805,863479473112;1196,44419034082;782,895797274012
"313";875,268727295076;1000,31383034719;1297,02466664692;917,63974122804
"314";637,622739949982;681,308715737704;807,861976635156;667,296696407843
"315";1607,40162749995;1222,41877897657;1341,33847076247;968,251693893666
"316";787,798992833023;850,534394190308;1035,54570081273;704,616124870454
"317";985,083760959461;879,987671813456;932,116373955425;982,169479195063
"318";1497,6807496913;1216,80472200661;1311,24656093354;1211,2378679573
"319";858,779102542796;908,934491035522;1090,05677186816;860,546937981476
"320";1515,42204418279;1048,25853197526;1178,21881849291;1419,53864138025
"321";1403,95547069639;1121,49558111687;1230,92580902352;1049,16414335123
"322";1251,6835805408;1203,60434272637;1372,06543217138;936,696570214685
"323";675,121666964635;767,174222066836;1042,28331208227;613,457388783939
"324";1115,72727242496;960,103307654847;1077,31736124561;774,800757443882
"325";843,831793243756;857,093482399184;1116,8465143649;1048,60506381591
"326";961,225830837875;1009,05536670586;1133,67105473006;815,125224277044
"327";919,038668700616;946,38288191024;1118,18355452218;877,030433679607
"328";809,762310211643;1017,5220172478;1488,25588038741;659,780311300958
"329";1419,77548334733;1231,22086707804;1328,25186562556;1049,88015887783
"330";1299,48681180629;1169,99617850643;1319,20114622672;999,545503360602
"331";1249,14423313451;1184,74269390912;1393,82480162686;1126,48762672352
"332";1177,39534497946;980,522446447411;1092,54432290397;1255,08575477317
"333";893,481884482416;906,428429533045;1079,69119018071;813,209008602756
"334";941,773868837186;981,8120691002;1132,04975410516;1008,29074723695
"335";931,523825089664;924,595403888667;1059,93924735659;956,765969281394
"336";727,96259772406;764,411666343488;888,575166303557;953,793946513368
"337";612,781935930937;675,778324090496;1020,94201314525;685,652232450454
"338";1255,51793845162;1101,74468148151;1170,88416774691;1319,08148921304
"339";667,056195469186;779,060933783522;1060,6592529522;751,330314297719
"340";446,698207940551;526,986099621649;750,909905992998;526,83890088343
"341";818,327223415687;831,875684274328;1046,24001835461;886,559725930384
"342";1115,32823747296;1237,18950432756;1678,51129135384;1027,1884012573
"343";1578,61416982416;1178,48702428288;1371,95660537078;998,44220083245
"344";1238,22925039435;1031,89209229566;1140,28030557023;1328,35652824561
"345";1338,99905599179;1237,47354159906;1438,52734096523;1468,52774979306
"346";1454,68284299129;1219,44329275736;1332,71453740522;1406,21255456425
"347";1156,50863619558;1124,00366063065;1222,83579479252;1019,29171753078
"348";748,838595315009;843,111473272729;1115,97122026031;814,502826332243
"349";1002,65705294193;906,720845507551;1015,06463193596;1379,18260730336
"350";860,114048305829;921,068478107993;1123,12942744239;772,772250645474
"351";913,203996522522;969,917287884968;1139,28428793684;875,203446076138
"352";919,054820701512;1040,41575752929;1299,3009132153;525,393660419929
"353";1050,04729922776;1060,14622023678;1243,73183983376;929,622071348815
"354";990,07331565111;953,206379986849;1103,42405136939;847,102483219111
"355";524,084305586928;594,119327413645;732,779518425198;587,845324970934
"356";1049,13635353206;890,872227564806;1035,12620431232;1590,78295320453
"357";791,541812627005;824,14040353333;1007,70957495589;785,588091855867
"358";887,348845338444;821,392204560728;923,909440561778;789,865537954565
"359";954,562326529406;950,218396437612;1084,75226522489;920,361321134158
"360";1276,53648232757;1151,89957583014;1286,09746982536;1150,31016051555
"361";1257,0712679817;1026,51537864969;1186,33208622415;1231,18223120123
"362";440,386074450421;592,381911260212;846,73509941297;423,369474720475
"363";1142,01490175618;1044,9779580585;1152,67901430417;1067,0473829418
"364";920,952802798931;940,355515406573;1074,35531099722;1086,86093407519
"365";660,074388194413;748,187865974874;889,213066017089;757,479634316116
"366";690,390825081224;762,551783151481;900,456168281116;729,298674970175
"367";1016,80777881766;994,644559516261;1121,3301945443;990,864813046077
"368";1002,13102956438;1040,68754457151;1269,89503068157;971,528287411587
"369";764,095585779427;864,169227903558;1086,30574980851;877,927518028259
"370";1090,80264319726;887,338362021868;962,734747193033;930,387649362372
"371";788,661330890019;786,14868218979;832,495818547306;1044,13710102463
"372";880,788524622538;856,884363066867;1031,60577905293;761,341802516221
"373";1554,19017890871;1214,38319558514;1374,01357681743;1103,97529663024
"374";442,988548914465;499,172915780361;679,661612082044;455,50107361936
"375";828,50812499525;804,089028297477;890,781055337333;860,301858334268
"376";1142,83072625847;889,462414827357;983,032198702426;905,169075542081
"377";1113,16501541133;1015,42283506526;1149,29972594566;490,205325752951
"378";941,283176627207;903,960013701433;987,408045558841;983,502654731357
"379";1000,50404752058;986,543823038563;1091,30800465018;1255,91534327435
"380";758,747191509727;763,244643036319;863,977575965202;817,733217163898
"381";1249,18924761472;1212,10086592375;1762,46251801002;1357,89131597242
"382";1016,08314412888;809,280955864454;871,621250705977;1105,45833395968
"383";542,087278530057;600,111138132944;738,316378496169;653,302515604032
"384";883,286167933667;1009,69095740796;1265,40192156151;836,273938643396
"385";899,7845513727;899,891504453918;1014,09181440519;1173,16923567487
"386";875,537687884885;836,680542831653;937,021551373074;1109,03376886249
"387";816,641097398483;887,040224897558;1142,66374876304;805,565698640153
"388";573,724632570062;563,672939837423;641,509246438146;863,367003741203
"389";740,586877698791;833,109495096385;1021,71714247416;811,989392839829
"390";550,60513310415;644,581917916983;787,046995022691;578,424427077391
"391";1258,93078790781;1110,17412861203;1229,79138674792;1055,25823823377
"392";1097,97749530328;933,579131767402;1051,90305032542;980,291564700888
"393";1019,38697678777;1034,72925017664;1197,07529579909;733,620754186604
"394";1091,25548590321;931,942379129174;1005,00602774959;1313,32112932834
"395";1280,39886209598;1152,11125682356;1280,58155000182;1435,21385749088
"396";896,516169183644;986,568555912147;1194,03522812831;877,561521174613
"397";1004,6898831393;872,997521648958;970,209030037405;1213,59107397201
"398";1040,76467237878;976,097723967413;1138,0806829007;1194,96785577039
"399";930,441260196154;755,774334187905;828,710081223259;1230,31455740158
"400";761,107902986011;794,118610638665;883,886750329824;929,592647559333
"401";1129,4451595562;989,590799064564;1074,81127051572;1073,13691817784
"402";611,934203860546;787,046105355736;1082,58318788368;604,856961572519
"403";817,34720159525;866,574333413909;1030,53323565987;899,848958277547
"404";975,263352991738;1051,60239424378;1335,6488108523;1028,6912370343
"405";1007,08664483982;1090,87481429199;1418,0709435168;954,724624711985
"406";499,043399921398;570,316342131355;740,46565821166;522,744192744655
"407";903,625188381497;750,655004629458;868,076587257297;1050,58933916542
"408";1197,13269341425;978,997252927611;1111,74856192089;1138,03420940869
"409";782,393952421316;783,04901016928;896,474164448045;970,389024674107
"410";801,288989047238;866,601409569043;992,629876063788;902,807845644995
"411";1140,79688040746;985,256734890388;1109,44814602959;852,051439347713
"412";743,512659987339;796,342483176084;990,659591384605;1106,84733511047
"413";553,02748222724;654,333338971519;973,011996015621;378,289336463239
"414";1025,41236373254;829,882403916941;924,93208288973;1152,0144024139
"415";845,003137817937;854,083910377431;961,780132292461;992,564640604534
"416";1596,58535696992;1310,2119111319;1489,21474851618;1190,10094841922
"417";1020,428316258;906,021609170799;1032,25646698517;1230,54466311176
"418";1042,00597565176;1057,28955866166;1221,46911579354;972,339947218162
"419";898,562962855649;824,44801079316;914,916629696678;697,157751390302
"420";843,463378966804;872,331241208532;972,036570998231;1016,37235473883
"421";909,705177764551;860,582366455771;976,207026806178;1063,17488979756
"422";900,634641690959;869,887094145916;972,318064813606;874,254996445202
"423";854,312782073811;853,869729862484;1049,23084585086;855,173990843154
"424";916,308378777615;875,804878944307;1002,6157936228;1179,26802829929
"425";1116,95822247193;1081,54853696307;1218,54755781758;1035,5601890338
"426";823,095820161218;819,117385150808;936,077840142152;910,807261734533
"427";955,062946185183;965,112430723946;1150,83296045066;619,540351454543
"428";596,024394208865;682,954065434759;870,159288907193;648,119867949358
"429";987,655111729608;910,463860879148;991,20497093804;1171,09542397446
"430";776,663075557326;887,197741738456;1068,26899152675;676,822561258919
"431";933,812880671185;959,48076579576;1163,74624083986;934,639583150355
"432";1162,09627810473;969,300112449656;1058,71734395414;1241,46812204112
"433";627,528406421094;668,864228044033;812,836589181704;796,85063839124
"434";954,153087295873;899,734485606464;1006,014489585;1025,39231695313
"435";793,970489167064;853,68365490456;930,241419515261;960,555059039551
"436";1133,83690433776;1011,08763784704;1104,37197645826;1103,49947041085
"437";436,211080369784;556,066319345219;777,45276412953;545,043765799114
"438";502,887877489633;685,933083694827;997,383517984249;476,497329617794
"439";837,323123236431;836,67895456156;983,758953281572;963,027397557802
"440";876,910182093793;888,799308096267;1012,96782970233;976,624169491304
"441";1412,36472346827;1202,51636871066;1298,82878979103;1194,64836832554
"442";904,591714158793;873,309924084988;1001,92866238873;1042,30015453274
"443";1010,62853370405;887,66419585671;929,103683465523;1256,37146532086
"444";966,25749861744;952,381526351996;1137,4024069258;898,432083276175
"445";1048,91888773428;954,676715118841;1030,0499964061;1187,38390924147
"446";683,844332653865;680,729621329482;749,529650186323;771,802217341849
"447";1207,7375315627;1104,85517966171;1241,10047231817;1160,42146654656
"448";1168,55683152171;1099,06908165267;1216,11859388586;1347,98214960468
"449";1352,29823821202;1256,23737732476;1476,64296746844;1509,90926288634
"450";1417,47354209657;1162,42747281002;1277,36207808989;1130,57979075068
"451";667,214698038725;710,930505506246;951,869674607768;841,897992687087
"452";750,543171626711;759,784734616544;859,804359143135;898,331069707559
"453";897,344632245977;906,746217875835;1005,43197716038;985,797771569697
"454";718,622232154069;797,878215956083;956,969467121034;728,3881584463
"455";925,502019417153;924,159637045386;1060,83935618403;1049,70767836823
"456";847,988666661113;701,92532562339;778,656175227632;964,528611815501
"457";931,938262147819;932,494526921336;1082,59154545119;891,823391662648
"458";1260,81976719799;1036,46689238569;1135,79796325875;1308,89729369632
"459";630,889822521052;825,095321446825;1082,66579658111;685,493130258016
"460";908,032994972262;1006,4432735282;1259,31240093715;935,540433840754
"461";813,528738318011;825,396672903542;1065,14169583935;643,496068675539
"462";752,97636739367;744,484016612812;800,017552387993;994,954129675028
"463";556,756299667674;713,093688770171;904,732062524933;616,881602851949
"464";552,39478676661;726,743056910925;1059,71732144047;552,62625768263
"465";1124,97944495045;994,73604398307;1127,67632808124;1002,83433279321
"466";852,536578242606;909,612607918522;1121,77132860279;845,341013314227
"467";1020,33037803331;914,937093268081;1013,77001403611;1242,40329022536
"468";946,104452639588;975,931272698397;1105,93096510141;1057,4505097679
"469";820,362144541689;903,0507864788;1032,70429771359;685,012313233443
"470";1205,82883896587;877,724836495288;1011,23824876638;1038,05823836828
"471";735,476378715329;764,272166140328;858,96560374135;1126,29649322344
"472";937,903031985408;993,71699571173;1141,51780745569;1203,52479941414
"473";1110,32148975617;1156,02277179236;1465,85700511822;1063,3279545903
"474";1142,95794909619;1074,2270468929;1253,87589933396;1251,61423771225
"475";920,362847103599;857,329787749257;1163,74483490517;813,007396825744
"476";341,489543804708;443,261555172183;644,963937956274;431,143868949355
"477";904,345532982531;835,496842067882;921,10662080155;1181,37877757342
"478";1304,54920708957;1154,49479000432;1348,04298641483;1290,60375586906
"479";1709,02054964541;1284,16649915694;1432,1716875966;1485,39711772588
"480";879,58017006332;975,355202114862;1219,5386756566;1020,27220062161
"481";862,196822912394;844,539109788362;1008,70409228614;964,816365432402
"482";1001,65236284249;897,097624129514;1031,36303452643;957,476661535157
"483";1338,42252423175;1118,30392086712;1185,75340074429;1233,08918287723
"484";1047,08509597974;939,086013717473;974,405618559564;1097,8744725527
"485";614,934233464831;692,271398301359;824,399264500257;984,623268956463
"486";953,411288921809;1008,44437655942;1306,93020920678;1007,28953208069
"487";1055,73459811744;890,470969326111;972,916794065055;1271,09796084615
"488";607,020296725631;666,946752054711;806,182954103896;782,028249335063
"489";765,375702618274;873,413887108381;1017,29967903833;859,42681424246
"490";1165,27379963056;1010,5054386684;1128,00902797746;1197,43914601699
"491";693,890613868467;857,575058642681;1012,93343798034;743,236629099409
"492";1379,09000020427;1322,24236671989;1490,56516418196;1231,68673969125
"493";1036,35016366347;1049,60569683249;1218,41157455579;1048,74806873481
"494";1399,39022526653;1063,43901755284;1189,21186053429;1060,34518485832
"495";1249,77842223847;1099,29907036226;1145,43015028535;1200,46419513234
"496";728,642665125448;627,09001330721;666,857272436223;770,275630490412
"497";890,120765320756;904,03718951125;1050,91706541404;913,250346589635
"498";815,011958015848;822,671349821311;900,759266587406;934,8588938974
"499";1149,18023610933;973,081956424585;1042,09035407501;1317,22428280915
"500";1414,78452586535;1245,57756210492;1342,85863138703;1046,70476064859
