;mean;sd;bias;cp;;Mean means;Mean sds;Mean bias;Mean CP
1;1,201545328;1,59911788;-75,96909343;1;;1,586021269;1,916367797;-68,27957463;0,786
2;1,204475944;1,574718547;-75,91048112;1;;;;;
3;1,869219626;2,401400821;-62,61560748;1;;;;;
4;1,335694163;1,886837103;-73,28611673;1;;;;;
5;1,407247491;1,953980262;-71,85505019;1;;;;;
6;2,378366198;2,369201357;-52,43267604;1;;;;;
7;2,382928238;2,560313656;-52,34143524;1;;;;;
8;1,059381538;1,652935827;-78,81236924;1;;;;;
9;3,17532253;2,845829444;-36,49354941;1;;;;;
10;1,012266851;1,338887657;-79,75466298;0;;;;;
11;1,294213798;1,888817546;-74,11572404;1;;;;;
12;0,864821563;1,180112559;-82,70356873;0;;;;;
13;1,00159563;1,405632192;-79,96808741;1;;;;;
14;1,529731664;1,961165956;-69,40536671;1;;;;;
15;2,201869274;2,688389963;-55,96261452;1;;;;;
16;1,363032372;1,877271189;-72,73935256;1;;;;;
17;1,812213259;2,197131233;-63,75573482;1;;;;;
18;1,708476268;1,981038676;-65,83047464;1;;;;;
19;1,284360024;1,73394195;-74,31279953;1;;;;;
20;1,295964478;1,722163164;-74,08071045;1;;;;;
21;3,294116424;2,894422593;-34,11767151;1;;;;;
22;1,301738428;1,918821243;-73,96523145;1;;;;;
23;0,947691363;1,348490279;-81,04617275;0;;;;;
24;0,89763665;1,247616542;-82,04726701;0;;;;;
25;1,901153183;2,472700331;-61,97693633;1;;;;;
26;1,118511621;1,619285374;-77,62976757;1;;;;;
27;4,496885861;3,870928074;-10,06228279;1;;;;;
28;1,616614944;2,33679585;-67,66770111;1;;;;;
29;0,928893305;1,301407024;-81,4221339;0;;;;;
30;3,980881159;3,500262242;-20,38237681;1;;;;;
31;1,233902331;1,838091979;-75,32195338;1;;;;;
32;1,212324916;1,669763905;-75,75350168;1;;;;;
33;0,868757428;1,332545832;-82,62485144;0;;;;;
34;2,692916643;2,543430229;-46,14166713;1;;;;;
35;1,272436039;1,633705735;-74,55127921;1;;;;;
36;1,589180667;2,067444653;-68,21638665;1;;;;;
37;1,122654023;1,525818776;-77,54691953;1;;;;;
38;1,481491428;2,098229814;-70,37017144;1;;;;;
39;0,970092011;1,449497604;-80,59815979;0;;;;;
40;0,930620732;1,370056466;-81,38758535;0;;;;;
41;1,287467031;1,514246739;-74,25065938;1;;;;;
42;2,521494176;2,883497662;-49,57011647;1;;;;;
43;1,46800547;2,049346725;-70,6398906;1;;;;;
44;1,59911338;1,785531498;-68,01773239;1;;;;;
45;2,023765778;2,523936562;-59,52468444;1;;;;;
46;1,019590362;1,340818106;-79,60819276;0;;;;;
47;2,423984139;2,860452184;-51,52031722;1;;;;;
48;5,010950695;3,508199729;0,219013907;1;;;;;
49;3,740841787;3,443444234;-25,18316426;1;;;;;
50;1,682176449;2,236799194;-66,35647102;1;;;;;
51;4,025091582;3,306822652;-19,49816837;1;;;;;
52;1,791703928;2,134361966;-64,16592143;1;;;;;
53;0,907692633;1,247931121;-81,84614734;0;;;;;
54;2,172799771;2,678312705;-56,54400457;1;;;;;
55;1,519743339;2,103011377;-69,60513322;1;;;;;
56;1,250800943;1,615579347;-74,98398114;1;;;;;
57;1,079000827;1,547873055;-78,41998347;1;;;;;
58;0,911139447;1,27583594;-81,77721105;0;;;;;
59;1,226849746;1,692498439;-75,46300508;1;;;;;
60;1,761339903;2,232255221;-64,77320194;1;;;;;
61;0,619240582;0,84737587;-87,61518837;0;;;;;
62;0,844408913;1,114832609;-83,11182174;0;;;;;
63;2,135707814;2,304616857;-57,28584372;1;;;;;
64;1,408307862;1,829427176;-71,83384275;1;;;;;
65;1,286570059;1,786977845;-74,26859883;1;;;;;
66;2,717174794;3,232160188;-45,65650413;1;;;;;
67;0,907017205;1,249174739;-81,8596559;0;;;;;
68;1,097709173;1,580927271;-78,04581653;1;;;;;
69;2,026077195;2,621715763;-59,4784561;1;;;;;
70;0,991532172;1,523329454;-80,16935656;1;;;;;
71;1,088127857;1,442083806;-78,23744286;1;;;;;
72;1,238510032;1,624041805;-75,22979935;1;;;;;
73;3,554311868;3,42345301;-28,91376264;1;;;;;
74;1,195644668;1,715391758;-76,08710664;1;;;;;
75;3,785554061;3,482913174;-24,28891878;1;;;;;
76;2,532441258;2,898212105;-49,35117484;1;;;;;
77;1,018028902;1,429039293;-79,63942196;1;;;;;
78;1,12536063;1,422492244;-77,4927874;1;;;;;
79;1,150313814;1,624748343;-76,99372372;1;;;;;
80;2,655629506;2,734329;-46,88740988;1;;;;;
81;0,744246194;1,006872326;-85,11507612;0;;;;;
82;2,567720346;2,969471858;-48,64559309;1;;;;;
83;1,434640693;1,941940707;-71,30718614;1;;;;;
84;1,293877038;1,928781577;-74,12245924;1;;;;;
85;2,34163303;2,380419355;-53,1673394;1;;;;;
86;1,546879044;2,059402173;-69,06241913;1;;;;;
87;1,277237164;1,691640376;-74,45525672;1;;;;;
88;2,185370444;2,644131394;-56,29259113;1;;;;;
89;1,438538524;1,873792543;-71,22922952;1;;;;;
90;0,844730981;1,163426218;-83,10538037;0;;;;;
91;0,930850143;1,235381636;-81,38299713;0;;;;;
92;2,239127671;2,709534359;-55,21744658;1;;;;;
93;0,916099397;1,279884553;-81,67801207;0;;;;;
94;2,393987804;2,983182388;-52,12024393;1;;;;;
95;0,778758255;1,027256543;-84,42483491;0;;;;;
96;2,020573988;2,237842939;-59,58852025;1;;;;;
97;2,064835899;2,245410399;-58,70328203;1;;;;;
98;0,568016706;0,733891854;-88,63966588;0;;;;;
99;1,209361411;1,60460955;-75,81277179;1;;;;;
100;2,045604204;2,060290734;-59,08791592;1;;;;;
101;0,918430465;1,304365889;-81,63139071;0;;;;;
102;1,30295503;1,505216843;-73,94089939;1;;;;;
103;1,364791415;1,775953089;-72,70417169;1;;;;;
104;1,65399562;1,88007097;-66,92008759;1;;;;;
105;1,487281901;1,840735151;-70,25436198;1;;;;;
106;1,462540786;1,946198664;-70,74918427;1;;;;;
107;3,165663591;3,041915444;-36,68672818;1;;;;;
108;0,987441603;1,554198474;-80,25116795;1;;;;;
109;1,479354806;1,952853585;-70,41290389;1;;;;;
110;1,682876384;2,446498837;-66,34247232;1;;;;;
111;2,274641038;2,527669419;-54,50717925;1;;;;;
112;0,925791601;1,206608374;-81,48416799;0;;;;;
113;1,084521724;1,524965758;-78,30956552;1;;;;;
114;1,674750963;2,289432511;-66,50498073;1;;;;;
115;2,488064881;2,472967349;-50,23870237;1;;;;;
116;0,95639366;1,364209743;-80,87212681;0;;;;;
117;2,233869061;2,349484403;-55,32261878;1;;;;;
118;2,07058268;2,644601948;-58,58834639;1;;;;;
119;1,254735713;1,685088008;-74,90528573;1;;;;;
120;1,316167215;1,627211945;-73,6766557;1;;;;;
121;2,542853573;2,632254298;-49,14292853;1;;;;;
122;1,23279117;1,436618985;-75,34417661;1;;;;;
123;3,232732147;2,978401872;-35,34535707;1;;;;;
124;1,487352109;2,056248426;-70,25295782;1;;;;;
125;2,04612507;2,018921153;-59,0774986;1;;;;;
126;0,776036416;1,056483919;-84,47927167;0;;;;;
127;1,423394322;2,019031901;-71,53211356;1;;;;;
128;1,677667771;2,197175559;-66,44664458;1;;;;;
129;1,070210251;1,447783566;-78,59579498;1;;;;;
130;1,037489523;1,37579952;-79,25020955;1;;;;;
131;1,69111578;2,479720183;-66,1776844;1;;;;;
132;2,255560575;2,569915064;-54,88878851;1;;;;;
133;0,986465199;1,308651385;-80,27069603;0;;;;;
134;1,257207798;1,691108201;-74,85584405;1;;;;;
135;1,192740183;1,776075067;-76,14519635;1;;;;;
136;2,277539872;2,714898202;-54,44920256;1;;;;;
137;0,954128194;1,247479034;-80,91743612;0;;;;;
138;1,23585229;1,669000757;-75,28295419;1;;;;;
139;0,622859607;0,853283768;-87,54280785;0;;;;;
140;1,163379708;1,776494836;-76,73240584;1;;;;;
141;1,33901636;1,702496687;-73,21967279;1;;;;;
142;0,787629067;1,127806397;-84,24741866;0;;;;;
143;0,942873747;1,359250049;-81,14252506;0;;;;;
144;1,187769046;1,751350251;-76,24461908;1;;;;;
145;0,812800181;1,075489904;-83,74399638;0;;;;;
146;1,832671853;2,074751953;-63,34656295;1;;;;;
147;1,179980171;1,660670357;-76,40039657;1;;;;;
148;1,939643916;2,40154612;-61,20712168;1;;;;;
149;0,927222574;1,248477238;-81,45554852;0;;;;;
150;1,989284798;2,163596483;-60,21430405;1;;;;;
151;0,884161572;1,20273875;-82,31676855;0;;;;;
152;1,087690597;1,503504179;-78,24618807;1;;;;;
153;0,842611287;1,202752102;-83,14777426;0;;;;;
154;1,276389078;1,775840031;-74,47221843;1;;;;;
155;1,091127569;1,672173072;-78,17744862;1;;;;;
156;1,551166782;1,641739665;-68,97666436;1;;;;;
157;0,784086998;1,135253315;-84,31826005;0;;;;;
158;2,172383405;2,654016961;-56,55233191;1;;;;;
159;1,39909646;1,74278189;-72,01807081;1;;;;;
160;0,825553257;1,079596576;-83,48893486;0;;;;;
161;1,85794444;2,49602481;-62,84111121;1;;;;;
162;1,895379038;2,424634112;-62,09241923;1;;;;;
163;2,645596635;2,822831739;-47,08806731;1;;;;;
164;0,91613155;1,281194144;-81,677369;0;;;;;
165;1,04146351;1,530590799;-79,17072981;1;;;;;
166;0,951948878;1,268096125;-80,96102244;0;;;;;
167;0,961105844;1,376814186;-80,77788312;0;;;;;
168;1,253153445;1,723828804;-74,9369311;1;;;;;
169;0,772282301;1,031504548;-84,55435398;0;;;;;
170;1,350152305;2,061658849;-72,9969539;1;;;;;
171;1,383714767;1,821210439;-72,32570467;1;;;;;
172;0,832320306;1,126906779;-83,35359388;0;;;;;
173;0,921619004;1,304491744;-81,56761991;0;;;;;
174;0,83811773;1,216683107;-83,2376454;0;;;;;
175;1,408910247;2,074343732;-71,82179506;1;;;;;
176;1,046577202;1,48687049;-79,06845596;1;;;;;
177;3,416304233;3,099137301;-31,67391534;1;;;;;
178;0,943878441;1,318954158;-81,12243118;0;;;;;
179;1,398276541;1,594303049;-72,03446918;1;;;;;
180;1,714739146;2,227902137;-65,70521708;1;;;;;
181;2,30161856;2,561693461;-53,9676288;1;;;;;
182;1,227851876;1,600624062;-75,44296248;1;;;;;
183;2,271441312;2,558159313;-54,57117376;1;;;;;
184;1,074655446;1,501617289;-78,50689108;1;;;;;
185;0,876116337;1,329521499;-82,47767325;0;;;;;
186;1,887167137;2,38310703;-62,25665725;1;;;;;
187;1,230792979;1,4816121;-75,38414042;1;;;;;
188;0,945173118;1,294248285;-81,09653764;0;;;;;
189;0,788122687;1,108284311;-84,23754627;0;;;;;
190;1,205132414;1,648124892;-75,89735172;1;;;;;
191;0,753876873;1,017619301;-84,92246253;0;;;;;
192;1,505355;1,855982826;-69,8929;1;;;;;
193;1,199214488;1,642525928;-76,01571023;1;;;;;
194;1,762037302;2,288893494;-64,75925397;1;;;;;
195;1,428462071;1,720171934;-71,43075857;1;;;;;
196;0,935715296;1,322963894;-81,28569409;0;;;;;
197;0,842175789;1,122938821;-83,15648422;0;;;;;
198;1,173199334;1,6026939;-76,53601333;1;;;;;
199;2,202001689;2,445474903;-55,95996621;1;;;;;
200;3,037277074;2,808379112;-39,25445852;1;;;;;
201;0,89265792;1,214867562;-82,1468416;0;;;;;
202;1,281893056;1,774046505;-74,36213889;1;;;;;
203;0,585966098;0,749966519;-88,28067804;0;;;;;
204;1,170589603;1,540783977;-76,58820793;1;;;;;
205;1,193442873;1,570618251;-76,13114254;1;;;;;
206;1,341312922;1,727027861;-73,17374156;1;;;;;
207;1,422251238;1,849193996;-71,55497523;1;;;;;
208;1,254187145;1,557784657;-74,9162571;1;;;;;
209;1,471901413;1,772132799;-70,56197174;1;;;;;
210;1,048040321;1,450409789;-79,03919359;1;;;;;
211;3,525884045;2,960336817;-29,4823191;1;;;;;
212;1,601755941;2,326843671;-67,96488118;1;;;;;
213;0,895272054;1,263852717;-82,09455892;0;;;;;
214;0,886434039;1,25736707;-82,27131922;0;;;;;
215;1,203050891;1,496199575;-75,93898218;1;;;;;
216;1,25895504;1,879584631;-74,82089921;1;;;;;
217;1,305117874;1,78908183;-73,89764252;1;;;;;
218;0,663316335;0,87089173;-86,73367331;0;;;;;
219;1,561198655;1,959534258;-68,77602689;1;;;;;
220;0,948248243;1,343189982;-81,03503513;0;;;;;
221;0,867075243;1,193266137;-82,65849515;0;;;;;
222;5,200698658;3,935305379;4,013973152;1;;;;;
223;1,059507776;1,630411053;-78,80984448;1;;;;;
224;1,031186156;1,71537241;-79,37627688;1;;;;;
225;1,275425435;1,654966469;-74,49149131;1;;;;;
226;2,070286693;2,866651998;-58,59426615;1;;;;;
227;1,163497764;1,540031943;-76,73004473;1;;;;;
228;1,01235713;1,351164912;-79,75285741;0;;;;;
229;1,639814269;2,218483701;-67,20371463;1;;;;;
230;2,052135768;2,323031231;-58,95728464;1;;;;;
231;1,003861689;1,43034369;-79,92276623;1;;;;;
232;0,91945184;1,333610056;-81,6109632;0;;;;;
233;1,224381294;1,802692269;-75,51237413;1;;;;;
234;1,44727246;1,917237157;-71,0545508;1;;;;;
235;1,493645045;1,90664539;-70,12709909;1;;;;;
236;2,89907282;2,281320038;-42,0185436;1;;;;;
237;2,228813261;2,469971003;-55,42373479;1;;;;;
238;1,125739656;1,701506668;-77,48520689;1;;;;;
239;3,505853118;3,47997539;-29,88293764;1;;;;;
240;1,146488459;1,450932313;-77,07023082;1;;;;;
241;1,190143968;1,672499543;-76,19712065;1;;;;;
242;0,825700107;1,214551695;-83,48599787;0;;;;;
243;5,240591763;3,370208535;4,811835265;1;;;;;
244;1,101445173;1,479097821;-77,97109653;1;;;;;
245;1,157102749;1,525306626;-76,85794502;1;;;;;
246;1,437085677;1,935363001;-71,25828645;1;;;;;
247;1,147320013;1,73081402;-77,05359975;1;;;;;
248;0,920943628;1,351870893;-81,58112744;0;;;;;
249;2,029028539;2,24540886;-59,41942922;1;;;;;
250;0,7199463;1,035648077;-85,601074;0;;;;;
251;1,196524237;1,614191697;-76,06951526;1;;;;;
252;1,243988068;1,909969307;-75,12023864;1;;;;;
253;0,783882935;1,036534997;-84,32234131;0;;;;;
254;1,04141696;1,431896417;-79,1716608;1;;;;;
255;1,052155156;1,441817866;-78,95689689;1;;;;;
256;1,135266107;1,506235332;-77,29467787;1;;;;;
257;1,592814819;2,29950621;-68,14370362;1;;;;;
258;3,026130984;3,3460773;-39,47738031;1;;;;;
259;1,879615502;2,550859678;-62,40768995;1;;;;;
260;1,913637057;2,456300168;-61,72725887;1;;;;;
261;1,090949101;1,417595627;-78,18101799;0;;;;;
262;2,108058791;2,489290229;-57,83882417;1;;;;;
263;1,60180267;1,966034291;-67,9639466;1;;;;;
264;1,190540567;1,596923993;-76,18918867;1;;;;;
265;1,416250829;1,844077879;-71,67498342;1;;;;;
266;0,873879864;1,364820744;-82,52240272;0;;;;;
267;1,26030719;1,699566983;-74,79385621;1;;;;;
268;0,688702491;0,937632511;-86,22595018;0;;;;;
269;1,402721534;1,703451651;-71,94556932;1;;;;;
270;1,36707836;1,934327587;-72,6584328;1;;;;;
271;1,194079562;1,590701636;-76,11840877;1;;;;;
272;3,970717066;3,305287196;-20,58565869;1;;;;;
273;1,317353434;1,716337163;-73,65293132;1;;;;;
274;0,959332519;1,376749428;-80,81334961;1;;;;;
275;1,4086516;1,809490049;-71,826968;1;;;;;
276;0,96407816;1,553559874;-80,7184368;1;;;;;
277;3,482084626;3,613417035;-30,35830749;1;;;;;
278;2,105823058;2,991700093;-57,88353885;1;;;;;
279;1,81878305;2,098002981;-63,62433901;1;;;;;
280;2,079880494;2,390481469;-58,40239012;1;;;;;
281;1,104784407;1,4519868;-77,90431186;1;;;;;
282;1,526213481;1,989242158;-69,47573038;1;;;;;
283;1,140657492;1,616460072;-77,18685016;1;;;;;
284;1,181688295;1,492725092;-76,36623409;1;;;;;
285;1,027253498;1,49662877;-79,45493003;1;;;;;
286;2,196165737;2,642743278;-56,07668525;1;;;;;
287;1,028463829;1,483106216;-79,43072341;1;;;;;
288;1,96506122;2,472985685;-60,69877559;1;;;;;
289;1,589100033;2,03752185;-68,21799934;1;;;;;
290;1,103239476;1,651449557;-77,93521048;1;;;;;
291;2,170700499;2,187756214;-56,58599001;1;;;;;
292;4,237042849;3,771594993;-15,25914302;1;;;;;
293;2,044093979;2,563885658;-59,11812042;1;;;;;
294;1,782260607;1,950463331;-64,35478787;1;;;;;
295;0,882740414;1,242622679;-82,34519171;0;;;;;
296;1,396653009;1,853099481;-72,06693982;1;;;;;
297;3,246333291;3,327748055;-35,07333419;1;;;;;
298;1,924699454;2,189506053;-61,50601092;1;;;;;
299;1,434286469;1,851240369;-71,31427061;1;;;;;
300;1,65092842;1,979118254;-66,9814316;1;;;;;
301;1,885701103;2,477262452;-62,28597794;1;;;;;
302;0,886483761;1,295967639;-82,27032479;0;;;;;
303;5,454000309;4,168801322;9,080006172;1;;;;;
304;1,281734972;1,705881284;-74,36530056;1;;;;;
305;1,018636804;1,36992201;-79,62726392;0;;;;;
306;2,472390483;2,865853713;-50,55219033;1;;;;;
307;1,005424709;1,523311592;-79,89150583;1;;;;;
308;1,762305123;2,322419104;-64,75389755;1;;;;;
309;1,129804098;1,454664921;-77,40391804;1;;;;;
310;0,88508348;1,196341772;-82,2983304;0;;;;;
311;1,608824097;1,999539754;-67,82351806;1;;;;;
312;2,469359227;2,681023056;-50,61281547;1;;;;;
313;1,986496893;2,434131095;-60,27006215;1;;;;;
314;1,513620673;2,020930961;-69,72758655;1;;;;;
315;1,772802187;2,391595378;-64,54395627;1;;;;;
316;3,980791027;3,347581021;-20,38417946;1;;;;;
317;1,798158789;2,395579872;-64,03682423;1;;;;;
318;1,740110386;2,219117801;-65,19779229;1;;;;;
319;2,066640246;2,626186928;-58,66719507;1;;;;;
320;0,997724039;1,260242989;-80,04551923;0;;;;;
321;1,108253169;1,637211563;-77,83493663;1;;;;;
322;1,621935995;2,066900319;-67,5612801;1;;;;;
323;1,377438919;1,869378824;-72,45122163;1;;;;;
324;1,689328433;1,933160602;-66,21343133;1;;;;;
325;2,803199231;3,352085956;-43,93601538;1;;;;;
326;1,140670762;1,488690503;-77,18658476;1;;;;;
327;1,692451018;2,239951631;-66,15097965;1;;;;;
328;1,377532568;1,778216131;-72,44934863;1;;;;;
329;1,635481457;2,121514851;-67,29037087;1;;;;;
330;1,157501869;1,363468779;-76,84996261;0;;;;;
331;1,93198273;2,093910275;-61,36034539;1;;;;;
332;0,863909228;1,181810097;-82,72181545;0;;;;;
333;0,858904278;1,199767926;-82,82191443;0;;;;;
334;1,207048955;1,54084657;-75,8590209;1;;;;;
335;2,244400963;2,680320281;-55,11198075;1;;;;;
336;0,817606196;1,105209681;-83,64787609;0;;;;;
337;2,059710548;2,691882096;-58,80578904;1;;;;;
338;1,899401382;2,354523112;-62,01197236;1;;;;;
339;1,896245017;2,139091698;-62,07509967;1;;;;;
340;1,649917277;2,388466736;-67,00165446;1;;;;;
341;1,112805038;1,525662562;-77,74389923;1;;;;;
342;1,005548422;1,432017606;-79,88903156;1;;;;;
343;1,122589431;1,523180022;-77,54821137;1;;;;;
344;1,09255194;1,565288202;-78,14896119;1;;;;;
345;1,451478294;1,975045325;-70,97043411;1;;;;;
346;0,720137647;1,057588639;-85,59724705;0;;;;;
347;1,100877015;1,70410447;-77,9824597;1;;;;;
348;1,308014975;1,747707877;-73,8397005;1;;;;;
349;1,075141823;1,532933797;-78,49716353;1;;;;;
350;1,480499942;1,912168037;-70,39000116;1;;;;;
351;0,945017227;1,276551404;-81,09965545;0;;;;;
352;2,303556535;2,691585888;-53,9288693;1;;;;;
353;0,992207741;1,369923817;-80,15584518;0;;;;;
354;2,172079084;2,360435435;-56,55841831;1;;;;;
355;1,014833621;1,46895345;-79,70332759;1;;;;;
356;5,523002186;4,711070343;10,46004372;1;;;;;
357;3,436240099;3,350849754;-31,27519802;1;;;;;
358;1,039672472;1,385396462;-79,20655056;0;;;;;
359;1,51443482;1,856018797;-69,71130359;1;;;;;
360;1,048156356;1,497549646;-79,03687288;1;;;;;
361;1,197844688;1,582363203;-76,04310624;1;;;;;
362;0,907070327;1,413858856;-81,85859346;0;;;;;
363;1,868478698;2,25587169;-62,63042605;1;;;;;
364;1,400871499;2,0077975;-71,98257002;1;;;;;
365;2,485832794;2,780837688;-50,28334413;1;;;;;
366;1,38870808;1,984323581;-72,22583841;1;;;;;
367;1,602433786;1,905490337;-67,95132428;1;;;;;
368;1,29788613;1,756287631;-74,04227739;1;;;;;
369;1,248270047;1,585085497;-75,03459905;1;;;;;
370;0,934266154;1,181993642;-81,31467692;0;;;;;
371;1,67048937;2,269689415;-66,5902126;1;;;;;
372;0,561086393;0,767435231;-88,77827213;0;;;;;
373;3,731288817;3,652198498;-25,37422366;1;;;;;
374;0,907744192;1,28120453;-81,84511617;0;;;;;
375;1,91080519;2,573522339;-61,7838962;1;;;;;
376;0,708190343;0,951509618;-85,83619315;0;;;;;
377;1,084612879;1,673874729;-78,30774243;1;;;;;
378;1,564232686;2,111039609;-68,71534628;1;;;;;
379;2,131833561;2,19233497;-57,36332878;1;;;;;
380;1,216957425;1,692214355;-75,66085151;1;;;;;
381;1,399812786;1,874725083;-72,00374429;1;;;;;
382;3,416975571;4,05612608;-31,66048858;1;;;;;
383;1,068893432;1,393414877;-78,62213135;1;;;;;
384;0,818444479;1,160911666;-83,63111043;0;;;;;
385;0,876241915;1,225321313;-82,4751617;0;;;;;
386;1,278666366;1,672294795;-74,42667268;1;;;;;
387;1,829730802;2,374654685;-63,40538397;1;;;;;
388;1,085502477;1,391367989;-78,28995046;0;;;;;
389;1,50879919;1,864417996;-69,8240162;1;;;;;
390;1,307396672;1,642516496;-73,85206656;1;;;;;
391;2,120168701;2,449203543;-57,59662598;1;;;;;
392;1,404420548;1,797107901;-71,91158905;1;;;;;
393;0,866746991;1,161857923;-82,66506017;0;;;;;
394;1,111349947;1,564865724;-77,77300107;1;;;;;
395;1,138943079;1,661896999;-77,22113843;1;;;;;
396;2,256422522;2,247225692;-54,87154956;1;;;;;
397;1,472561526;1,805628483;-70,54876948;1;;;;;
398;4,151857947;3,965885599;-16,96284107;1;;;;;
399;1,454331999;2,049238909;-70,91336002;1;;;;;
400;2,510666498;2,807899345;-49,78667005;1;;;;;
401;1,637838502;1,916894324;-67,24322995;1;;;;;
402;1,141874981;1,651096507;-77,16250039;1;;;;;
403;0,921609149;1,383087769;-81,56781701;1;;;;;
404;1,474757668;1,815582189;-70,50484664;1;;;;;
405;1,615430205;1,990629641;-67,69139591;1;;;;;
406;1,119622979;1,553206561;-77,60754043;1;;;;;
407;1,480042291;1,939184306;-70,39915418;1;;;;;
408;1,161470762;1,686193357;-76,77058475;1;;;;;
409;1,226147616;1,675906469;-75,47704767;1;;;;;
410;1,661958089;2,193102719;-66,76083821;1;;;;;
411;0,821273507;1,131662118;-83,57452986;0;;;;;
412;0,738621806;1,071398364;-85,22756388;0;;;;;
413;1,201651243;1,6151133;-75,96697513;1;;;;;
414;2,599078789;2,713817366;-48,01842423;1;;;;;
415;0,964844767;1,356671829;-80,70310467;0;;;;;
416;1,38237744;1,79423345;-72,3524512;1;;;;;
417;8,158123838;3,775265837;63,16247676;1;;;;;
418;0,875046334;1,213289205;-82,49907333;0;;;;;
419;1,163381165;1,601778121;-76,73237669;1;;;;;
420;1,500772985;1,982498098;-69,9845403;1;;;;;
421;1,348634888;1,743041749;-73,02730225;1;;;;;
422;1,485388488;1,785971993;-70,29223023;1;;;;;
423;0,900242209;1,256001606;-81,99515582;0;;;;;
424;1,371929619;1,924536488;-72,56140761;1;;;;;
425;1,382402829;2,084335807;-72,35194343;1;;;;;
426;1,151915953;1,572847154;-76,96168095;1;;;;;
427;1,229943538;1,601104457;-75,40112923;1;;;;;
428;1,542102182;2,000150209;-69,15795636;1;;;;;
429;0,94261829;1,354637251;-81,1476342;0;;;;;
430;2,840114294;2,251932393;-43,19771412;1;;;;;
431;1,612614704;2,136269648;-67,74770592;1;;;;;
432;1,461711093;1,626503982;-70,76577814;1;;;;;
433;2,432418473;2,52220198;-51,35163053;1;;;;;
434;1,642526781;1,894883732;-67,14946438;1;;;;;
435;1,14765817;1,552861436;-77,0468366;1;;;;;
436;1,808769488;2,367758882;-63,82461024;1;;;;;
437;0,719183997;1,048389662;-85,61632005;0;;;;;
438;1,290754498;1,792458672;-74,18491004;1;;;;;
439;0,917097847;1,595696263;-81,65804307;1;;;;;
440;2,371690938;2,442464196;-52,56618124;1;;;;;
441;1,099393458;1,500002377;-78,01213083;1;;;;;
442;3,334158452;2,854786156;-33,31683097;1;;;;;
443;2,758536698;2,820694761;-44,82926604;1;;;;;
444;1,254736308;1,556489898;-74,90527383;1;;;;;
445;1,052630814;1,508513966;-78,94738372;1;;;;;
446;1,399538825;1,98448344;-72,00922349;1;;;;;
447;3,307027998;3,22394471;-33,85944005;1;;;;;
448;2,138762605;2,273916807;-57,22474789;1;;;;;
449;1,502050829;1,888710154;-69,95898342;1;;;;;
450;1,096499001;1,510977693;-78,07001998;1;;;;;
451;1,396506386;1,952154252;-72,06987229;1;;;;;
452;1,432865073;1,706008286;-71,34269855;1;;;;;
453;1,104519645;1,693971412;-77,9096071;1;;;;;
454;0,957979437;1,304203608;-80,84041126;0;;;;;
455;2,596558507;2,619902358;-48,06882985;1;;;;;
456;2,888499894;2,704008833;-42,23000212;1;;;;;
457;2,000574899;2,490344605;-59,98850202;1;;;;;
458;1,462099956;1,919123799;-70,75800089;1;;;;;
459;1,110522765;1,531363188;-77,78954469;1;;;;;
460;2,0008962;2,415847056;-59,982076;1;;;;;
461;1,848134241;2,418236121;-63,03731519;1;;;;;
462;1,18288296;1,615364222;-76,3423408;1;;;;;
463;0,759946233;1,03777451;-84,80107535;0;;;;;
464;0,719700968;0,929315339;-85,60598065;0;;;;;
465;0,82445266;1,093995523;-83,5109468;0;;;;;
466;1,026728694;1,366328325;-79,46542612;0;;;;;
467;1,394908813;1,990031619;-72,10182373;1;;;;;
468;3,116623914;2,820556948;-37,66752173;1;;;;;
469;1,623639248;2,036867913;-67,52721503;1;;;;;
470;0,836114323;1,122041193;-83,27771353;0;;;;;
471;0,928547276;1,349001548;-81,42905447;0;;;;;
472;2,391803478;2,590204091;-52,16393045;1;;;;;
473;1,258036521;1,758905778;-74,83926959;1;;;;;
474;1,419472005;1,745308165;-71,6105599;1;;;;;
475;1,238840807;1,558982756;-75,22318386;1;;;;;
476;1,042769923;1,518286092;-79,14460155;1;;;;;
477;1,046550569;1,432987672;-79,06898862;1;;;;;
478;0,99800706;1,417955337;-80,0398588;1;;;;;
479;0,871314898;1,217539931;-82,57370205;0;;;;;
480;0,884063566;1,322413073;-82,31872868;0;;;;;
481;4,10192508;3,983761431;-17,96149841;1;;;;;
482;2,372700337;2,666442853;-52,54599326;1;;;;;
483;0,899701774;1,171245551;-82,00596452;0;;;;;
484;1,222782159;1,690860325;-75,54435681;1;;;;;
485;2,745457284;3,369228649;-45,09085433;1;;;;;
486;2,637591146;2,633309798;-47,24817707;1;;;;;
487;1,715918148;2,079571941;-65,68163705;1;;;;;
488;1,19936468;1,682342659;-76,0127064;1;;;;;
489;1,118247997;1,4595301;-77,63504006;1;;;;;
490;1,983440538;2,650774519;-60,33118923;1;;;;;
491;2,004765029;2,582065511;-59,90469942;1;;;;;
492;1,300777478;1,756082085;-73,98445044;1;;;;;
493;0,934053009;1,31239468;-81,31893982;0;;;;;
494;0,841894253;1,225743225;-83,16211494;0;;;;;
495;3,899935024;3,570365004;-22,00129951;1;;;;;
496;3,464977263;3,06929645;-30,70045474;1;;;;;
497;1,196570708;1,721492064;-76,06858583;1;;;;;
498;1,229826568;1,774492551;-75,40346865;1;;;;;
499;1,139508101;1,660109782;-77,20983799;1;;;;;
500;0,814697575;1,126771343;-83,7060485;0;;;;;
